0011x00000D1xknAAB,MINI MERCADO,FAIXA 7,-0.62361111,-47.36444444,0.0
0011x00000D1xruAAB,MINI MERCADO,FAIXA 7,-1.30611111,-48.475,144.92125359212858
0011x00000D1xndAAB,MINI MERCADO,FAIXA 7,-8.037312,-50.038281,875.941723060064
0011x00000D1xmFAAR,MINI MERCADO,FAIXA 7,-14.51111111,-49.15666667,1556.6648629094304
0011x00000D1xnKAAR,MINI MERCADO,FAIXA 7,-16.02722222,-48.06888889,1714.462349212938
0011x00000D1xmgAAB,MINI MERCADO,FAIXA 7,-16.64,-49.32888889,1793.8105092290984
0011x00000D1xmqAAB,MINI MERCADO,FAIXA 7,-17.213433,-48.711295,1850.4941936325527
0011x00000D1xr8AAB,MINI MERCADO,FAIXA 7,-20.494055,-54.630781,2346.317322968275
0011x00000D1xr1AAB,MINI MERCADO,FAIXA 7,-9.96527778,-67.83861111,2491.0036288862084
NULL,NULL,NULL,1.0E10,1.0E10,1.0E10
NULL,NULL,NULL,1.0E10,1.0E10,1.0E10
0011x00000D1xktAAB,MINI MERCADO,FAIXA 6,-16.63083333,-49.25138889,0.0
0011x00000D1xlPAAR,MINI MERCADO,FAIXA 6,-16.71944444,-49.32055556,12.302437883219584
0011x00000D1xnZAAR,MINI MERCADO,FAIXA 6,-15.73777778,-49.32555556,99.6137879846431
0011x00000D1xngAAB,MINI MERCADO,FAIXA 6,-16.00972222,-48.00166667,150.17736521335513
0011x00000D1xrFAAR,MINI MERCADO,FAIXA 6,-15.44722222,-50.3625,177.24909803665665
0011x00000D1xqEAAR,MINI MERCADO,FAIXA 6,-17.56472222,-52.55805556,366.42918188247086
0011x00000D1xnXAAR,MINI MERCADO,FAIXA 6,-11.7125,-49.04805556,547.3062323927679
0011x00000D1xqGAAR,MINI MERCADO,FAIXA 6,-20.45472222,-53.76027778,637.6327605110228
0011x00000D1xr4AAB,MINI MERCADO,FAIXA 6,-1.67916667,-50.47638889,1667.865934900878
0011x00000D1xrCAAR,MINI MERCADO,FAIXA 6,-3.103047,-59.986005,1907.3851480051505
0011x00000D1xlfAAB,MINI MERCADO,FAIXA 6,-3.03,-59.92972222,1910.0949228851316
0011x00000D1xl7AAB,BAR,FAIXA 8,-15.68972222,-47.85888889,0.0
0011x00000D1xpNAAR,BAR,FAIXA 8,-2.58194444,-49.50861111,1468.604812801942
NULL,NULL,NULL,1.0E10,1.0E10,1.0E10
NULL,NULL,NULL,1.0E10,1.0E10,1.0E10
NULL,NULL,NULL,1.0E10,1.0E10,1.0E10
NULL,NULL,NULL,1.0E10,1.0E10,1.0E10
NULL,NULL,NULL,1.0E10,1.0E10,1.0E10
NULL,NULL,NULL,1.0E10,1.0E10,1.0E10
NULL,NULL,NULL,1.0E10,1.0E10,1.0E10
NULL,NULL,NULL,1.0E10,1.0E10,1.0E10
NULL,NULL,NULL,1.0E10,1.0E10,1.0E10
0011x00000D1xl9AAB,PADARIA,FAIXA 6,-8.75527778,-63.8725,0.0
NULL,NULL,NULL,1.0E10,1.0E10,1.0E10
NULL,NULL,NULL,1.0E10,1.0E10,1.0E10
NULL,NULL,NULL,1.0E10,1.0E10,1.0E10
NULL,NULL,NULL,1.0E10,1.0E10,1.0E10
NULL,NULL,NULL,1.0E10,1.0E10,1.0E10
NULL,NULL,NULL,1.0E10,1.0E10,1.0E10
NULL,NULL,NULL,1.0E10,1.0E10,1.0E10
NULL,NULL,NULL,1.0E10,1.0E10,1.0E10
NULL,NULL,NULL,1.0E10,1.0E10,1.0E10
NULL,NULL,NULL,1.0E10,1.0E10,1.0E10
0011x00000D1xleAAB,RESTAURANTE,FAIXA 8,-15.5075,-56.06472222,0.0
0011x00000D1xnPAAR,RESTAURANTE,FAIXA 8,-22.22861111,-54.81694444,758.7439452543393
NULL,NULL,NULL,1.0E10,1.0E10,1.0E10
NULL,NULL,NULL,1.0E10,1.0E10,1.0E10
NULL,NULL,NULL,1.0E10,1.0E10,1.0E10
NULL,NULL,NULL,1.0E10,1.0E10,1.0E10
NULL,NULL,NULL,1.0E10,1.0E10,1.0E10
NULL,NULL,NULL,1.0E10,1.0E10,1.0E10
NULL,NULL,NULL,1.0E10,1.0E10,1.0E10
NULL,NULL,NULL,1.0E10,1.0E10,1.0E10
NULL,NULL,NULL,1.0E10,1.0E10,1.0E10
0011x00000D1xlEAAR,BAR,FAIXA 6,-15.63444444,-47.65083333,0.0
0011x00000D1xqaAAB,BAR,FAIXA 6,-16.96861111,-48.95138889,203.14813109207867
0011x00000D1xo8AAB,BAR,FAIXA 6,-16.71138889,-49.28777778,211.88550344291053
0011x00000D1xpKAAR,BAR,FAIXA 6,-15.07444444,-57.18472222,1024.038118364204
0011x00000D1xm0AAB,BAR,FAIXA 6,-11.90638889,-61.51305556,1552.8608492643953
NULL,NULL,NULL,1.0E10,1.0E10,1.0E10
NULL,NULL,NULL,1.0E10,1.0E10,1.0E10
NULL,NULL,NULL,1.0E10,1.0E10,1.0E10
NULL,NULL,NULL,1.0E10,1.0E10,1.0E10
NULL,NULL,NULL,1.0E10,1.0E10,1.0E10
NULL,NULL,NULL,1.0E10,1.0E10,1.0E10
0011x00000D1xlfAAB,MINI MERCADO,FAIXA 6,-3.03,-59.92972222,0.0
0011x00000D1xrCAAR,MINI MERCADO,FAIXA 6,-3.103047,-59.986005,10.24788540894488
0011x00000D1xr4AAB,MINI MERCADO,FAIXA 6,-1.67916667,-50.47638889,1060.8844925857234
0011x00000D1xnXAAR,MINI MERCADO,FAIXA 6,-11.7125,-49.04805556,1539.1115424572747
0011x00000D1xrFAAR,MINI MERCADO,FAIXA 6,-15.44722222,-50.3625,1733.1928144461363
0011x00000D1xqEAAR,MINI MERCADO,FAIXA 6,-17.56472222,-52.55805556,1805.0773311799792
0011x00000D1xnZAAR,MINI MERCADO,FAIXA 6,-15.73777778,-49.32555556,1828.5595211659224
0011x00000D1xktAAB,MINI MERCADO,FAIXA 6,-16.63083333,-49.25138889,1910.0949228851316
0011x00000D1xlPAAR,MINI MERCADO,FAIXA 6,-16.71944444,-49.32055556,1913.1969134417088
0011x00000D1xngAAB,MINI MERCADO,FAIXA 6,-16.00972222,-48.00166667,1945.66864275955
0011x00000D1xqGAAR,MINI MERCADO,FAIXA 6,-20.45472222,-53.76027778,2049.5911951650464
0011x00000D1xlJAAR,MINI MERCADO,FAIXA 5,-9.97777778,-67.88222222,0.0
0011x00000D1xpwAAB,MINI MERCADO,FAIXA 5,-15.65888889,-56.09694444,1424.7158319568857
0011x00000D1xmkAAB,MINI MERCADO,FAIXA 5,-18.0975,-54.55027778,1696.6363558925373
0011x00000D1xrpAAB,MINI MERCADO,FAIXA 5,-16.65555556,-49.29583333,2142.0429250115417
0011x00000D1xpEAAR,MINI MERCADO,FAIXA 5,-18.13166667,-49.04194444,2222.839019283661
0011x00000D1xnfAAB,MINI MERCADO,FAIXA 5,-15.8575,-48.07472222,2242.431942050655
0011x00000D1xrAAAR,MINI MERCADO,FAIXA 5,-15.62166667,-46.41861111,2408.6436686563256
NULL,NULL,NULL,1.0E10,1.0E10,1.0E10
NULL,NULL,NULL,1.0E10,1.0E10,1.0E10
NULL,NULL,NULL,1.0E10,1.0E10,1.0E10
NULL,NULL,NULL,1.0E10,1.0E10,1.0E10
0011x00000D1xlLAAR,MINI MERCADO,FAIXA 4,-1.36027778,-48.44888889,0.0
NULL,NULL,NULL,1.0E10,1.0E10,1.0E10
NULL,NULL,NULL,1.0E10,1.0E10,1.0E10
NULL,NULL,NULL,1.0E10,1.0E10,1.0E10
NULL,NULL,NULL,1.0E10,1.0E10,1.0E10
NULL,NULL,NULL,1.0E10,1.0E10,1.0E10
NULL,NULL,NULL,1.0E10,1.0E10,1.0E10
NULL,NULL,NULL,1.0E10,1.0E10,1.0E10
NULL,NULL,NULL,1.0E10,1.0E10,1.0E10
NULL,NULL,NULL,1.0E10,1.0E10,1.0E10
NULL,NULL,NULL,1.0E10,1.0E10,1.0E10
0011x00000D1xlPAAR,MINI MERCADO,FAIXA 6,-16.71944444,-49.32055556,0.0
0011x00000D1xktAAB,MINI MERCADO,FAIXA 6,-16.63083333,-49.25138889,12.302437883219584
0011x00000D1xnZAAR,MINI MERCADO,FAIXA 6,-15.73777778,-49.32555556,109.15240583828162
0011x00000D1xngAAB,MINI MERCADO,FAIXA 6,-16.00972222,-48.00166667,161.32298773237804
0011x00000D1xrFAAR,MINI MERCADO,FAIXA 6,-15.44722222,-50.3625,180.00428958076049
0011x00000D1xqEAAR,MINI MERCADO,FAIXA 6,-17.56472222,-52.55805556,356.5859455139106
0011x00000D1xnXAAR,MINI MERCADO,FAIXA 6,-11.7125,-49.04805556,557.4936906639148
0011x00000D1xqGAAR,MINI MERCADO,FAIXA 6,-20.45472222,-53.76027778,625.548879759466
0011x00000D1xr4AAB,MINI MERCADO,FAIXA 6,-1.67916667,-50.47638889,1677.097438232373
0011x00000D1xrCAAR,MINI MERCADO,FAIXA 6,-3.103047,-59.986005,1910.4246256551564
0011x00000D1xlfAAB,MINI MERCADO,FAIXA 6,-3.03,-59.92972222,1913.1969134417088
0011x00000D1xlQAAR,PADARIA,FAIXA 4,-15.8275,-48.07944444,9.493073054631141E-5
0011x00000D1xnYAAR,PADARIA,FAIXA 4,-15.82722222,-47.9225,16.789024831717114
0011x00000D1xlxAAB,PADARIA,FAIXA 4,-16.00277778,-48.06,19.599652844164638
0011x00000D1xnaAAB,PADARIA,FAIXA 4,-16.00527778,-48.07694444,19.768843583740114
0011x00000D1xoBAAR,PADARIA,FAIXA 4,-20.44361111,-52.88083333,721.5525377938211
0011x00000D1xoTAAR,PADARIA,FAIXA 4,-1.43222222,-48.48222222,1601.2137099735742
NULL,NULL,NULL,1.0E10,1.0E10,1.0E10
NULL,NULL,NULL,1.0E10,1.0E10,1.0E10
NULL,NULL,NULL,1.0E10,1.0E10,1.0E10
NULL,NULL,NULL,1.0E10,1.0E10,1.0E10
NULL,NULL,NULL,1.0E10,1.0E10,1.0E10
0011x00000D1xlrAAB,SUPERMERCADO,FAIXA 3,-16.0275,-49.79916667,0.0
0011x00000D1xpJAAR,SUPERMERCADO,FAIXA 3,-15.81666667,-47.98111111,195.80116981508206
NULL,NULL,NULL,1.0E10,1.0E10,1.0E10
NULL,NULL,NULL,1.0E10,1.0E10,1.0E10
NULL,NULL,NULL,1.0E10,1.0E10,1.0E10
NULL,NULL,NULL,1.0E10,1.0E10,1.0E10
NULL,NULL,NULL,1.0E10,1.0E10,1.0E10
NULL,NULL,NULL,1.0E10,1.0E10,1.0E10
NULL,NULL,NULL,1.0E10,1.0E10,1.0E10
NULL,NULL,NULL,1.0E10,1.0E10,1.0E10
NULL,NULL,NULL,1.0E10,1.0E10,1.0E10
0011x00000D1xlUAAR,MINI MERCADO,FAIXA 8,-16.52194444,-50.37444444,0.0
0011x00000D1xmXAAR,MINI MERCADO,FAIXA 8,-16.80611111,-49.92833333,57.065291984585805
0011x00000D1xoKAAR,MINI MERCADO,FAIXA 8,-16.19861111,-52.55611111,235.5151079744179
0011x00000D1xmRAAR,MINI MERCADO,FAIXA 8,-16.37527778,-46.90694444,370.12566070243986
0011x00000D1xr9AAB,MINI MERCADO,FAIXA 8,-11.80805556,-49.52444444,532.0804530075353
0011x00000D1xq3AAB,MINI MERCADO,FAIXA 8,-1.99888889,-54.08138889,1664.976628418823
0011x00000D1xreAAB,MINI MERCADO,FAIXA 8,-8.74361111,-63.85222222,1697.672416243139
0011x00000D1xo0AAB,MINI MERCADO,FAIXA 8,-3.12027778,-60.03861111,1826.4415994651758
0011x00000D1xqZAAR,MINI MERCADO,FAIXA 8,-0.04916667,-51.13805556,1833.5131220052642
0011x00000D1xm3AAB,MINI MERCADO,FAIXA 8,-3.30111111,-60.62166667,1847.8303824980824
NULL,NULL,NULL,1.0E10,1.0E10,1.0E10
0011x00000D1xlWAAR,BAR,FAIXA 5,-15.63,-47.6525,0.0
0011x00000D1xqxAAB,BAR,FAIXA 5,-15.58972222,-47.86833333,23.543144591277294
0011x00000D1xpgAAB,BAR,FAIXA 5,-12.74444444,-60.14333333,1383.8667437063266
NULL,NULL,NULL,1.0E10,1.0E10,1.0E10
NULL,NULL,NULL,1.0E10,1.0E10,1.0E10
NULL,NULL,NULL,1.0E10,1.0E10,1.0E10
NULL,NULL,NULL,1.0E10,1.0E10,1.0E10
NULL,NULL,NULL,1.0E10,1.0E10,1.0E10
NULL,NULL,NULL,1.0E10,1.0E10,1.0E10
NULL,NULL,NULL,1.0E10,1.0E10,1.0E10
NULL,NULL,NULL,1.0E10,1.0E10,1.0E10
0011x00000D1xlxAAB,PADARIA,FAIXA 4,-16.00277778,-48.06,0.0
0011x00000D1xnaAAB,PADARIA,FAIXA 4,-16.00527778,-48.07694444,1.8322328023801755
0011x00000D1xlQAAR,PADARIA,FAIXA 4,-15.8275,-48.07944444,19.599652844164638
0011x00000D1xnYAAR,PADARIA,FAIXA 4,-15.82722222,-47.9225,24.43753514059927
0011x00000D1xoBAAR,PADARIA,FAIXA 4,-20.44361111,-52.88083333,709.1205980989608
0011x00000D1xoTAAR,PADARIA,FAIXA 4,-1.43222222,-48.48222222,1620.754514928756
NULL,NULL,NULL,1.0E10,1.0E10,1.0E10
NULL,NULL,NULL,1.0E10,1.0E10,1.0E10
NULL,NULL,NULL,1.0E10,1.0E10,1.0E10
NULL,NULL,NULL,1.0E10,1.0E10,1.0E10
NULL,NULL,NULL,1.0E10,1.0E10,1.0E10
0011x00000D1xm0AAB,BAR,FAIXA 6,-11.90638889,-61.51305556,9.493073054631141E-5
0011x00000D1xpKAAR,BAR,FAIXA 6,-15.07444444,-57.18472222,585.6825633764904
0011x00000D1xo8AAB,BAR,FAIXA 6,-16.71138889,-49.28777778,1420.814419205405
0011x00000D1xqaAAB,BAR,FAIXA 6,-16.96861111,-48.95138889,1464.4138611188241
0011x00000D1xlEAAR,BAR,FAIXA 6,-15.63444444,-47.65083333,1552.8608492643953
NULL,NULL,NULL,1.0E10,1.0E10,1.0E10
NULL,NULL,NULL,1.0E10,1.0E10,1.0E10
NULL,NULL,NULL,1.0E10,1.0E10,1.0E10
NULL,NULL,NULL,1.0E10,1.0E10,1.0E10
NULL,NULL,NULL,1.0E10,1.0E10,1.0E10
NULL,NULL,NULL,1.0E10,1.0E10,1.0E10
0011x00000D1xm3AAB,MINI MERCADO,FAIXA 8,-3.30111111,-60.62166667,0.0
0011x00000D1xo0AAB,MINI MERCADO,FAIXA 8,-3.12027778,-60.03861111,67.77894370445891
0011x00000D1xreAAB,MINI MERCADO,FAIXA 8,-8.74361111,-63.85222222,702.6474310918376
0011x00000D1xq3AAB,MINI MERCADO,FAIXA 8,-1.99888889,-54.08138889,740.7064464580465
0011x00000D1xqZAAR,MINI MERCADO,FAIXA 8,-0.04916667,-51.13805556,1114.1883175963844
0011x00000D1xr9AAB,MINI MERCADO,FAIXA 8,-11.80805556,-49.52444444,1545.2831523856298
0011x00000D1xoKAAR,MINI MERCADO,FAIXA 8,-16.19861111,-52.55611111,1683.482101394091
0011x00000D1xlUAAR,MINI MERCADO,FAIXA 8,-16.52194444,-50.37444444,1847.8303824980824
0011x00000D1xmXAAR,MINI MERCADO,FAIXA 8,-16.80611111,-49.92833333,1902.203551721836
0011x00000D1xmRAAR,MINI MERCADO,FAIXA 8,-16.37527778,-46.90694444,2088.0106788049193
NULL,NULL,NULL,1.0E10,1.0E10,1.0E10
0011x00000D1xmDAAR,BAR,FAIXA 7,-1.45888889,-48.47027778,0.0
0011x00000D1xqgAAB,BAR,FAIXA 7,-15.62083333,-46.42305556,1590.5825458320637
0011x00000D1xpiAAB,BAR,FAIXA 7,-15.61138889,-56.02444444,1778.3259910653626
NULL,NULL,NULL,1.0E10,1.0E10,1.0E10
NULL,NULL,NULL,1.0E10,1.0E10,1.0E10
NULL,NULL,NULL,1.0E10,1.0E10,1.0E10
NULL,NULL,NULL,1.0E10,1.0E10,1.0E10
NULL,NULL,NULL,1.0E10,1.0E10,1.0E10
NULL,NULL,NULL,1.0E10,1.0E10,1.0E10
NULL,NULL,NULL,1.0E10,1.0E10,1.0E10
NULL,NULL,NULL,1.0E10,1.0E10,1.0E10
0011x00000D1xmEAAR,SUPERMERCADO,FAIXA 7,-11.41555556,-61.47,0.0
NULL,NULL,NULL,1.0E10,1.0E10,1.0E10
NULL,NULL,NULL,1.0E10,1.0E10,1.0E10
NULL,NULL,NULL,1.0E10,1.0E10,1.0E10
NULL,NULL,NULL,1.0E10,1.0E10,1.0E10
NULL,NULL,NULL,1.0E10,1.0E10,1.0E10
NULL,NULL,NULL,1.0E10,1.0E10,1.0E10
NULL,NULL,NULL,1.0E10,1.0E10,1.0E10
NULL,NULL,NULL,1.0E10,1.0E10,1.0E10
NULL,NULL,NULL,1.0E10,1.0E10,1.0E10
NULL,NULL,NULL,1.0E10,1.0E10,1.0E10
0011x00000D1xmFAAR,MINI MERCADO,FAIXA 7,-14.51111111,-49.15666667,9.493073054631141E-5
0011x00000D1xnKAAR,MINI MERCADO,FAIXA 7,-16.02722222,-48.06888889,205.01461818988676
0011x00000D1xmgAAB,MINI MERCADO,FAIXA 7,-16.64,-49.32888889,237.4277893422735
0011x00000D1xmqAAB,MINI MERCADO,FAIXA 7,-17.213433,-48.711295,304.22164408580704
0011x00000D1xndAAB,MINI MERCADO,FAIXA 7,-8.037312,-50.038281,726.2026117561512
0011x00000D1xr8AAB,MINI MERCADO,FAIXA 7,-20.494055,-54.630781,882.6595530569617
0011x00000D1xruAAB,MINI MERCADO,FAIXA 7,-1.30611111,-48.475,1470.167407798935
0011x00000D1xknAAB,MINI MERCADO,FAIXA 7,-0.62361111,-47.36444444,1556.6648629094304
0011x00000D1xr1AAB,MINI MERCADO,FAIXA 7,-9.96527778,-67.83861111,2091.0233598412665
NULL,NULL,NULL,1.0E10,1.0E10,1.0E10
NULL,NULL,NULL,1.0E10,1.0E10,1.0E10
0011x00000D1xmgAAB,MINI MERCADO,FAIXA 7,-16.64,-49.32888889,0.0
0011x00000D1xmqAAB,MINI MERCADO,FAIXA 7,-17.213433,-48.711295,91.54835945267327
0011x00000D1xnKAAR,MINI MERCADO,FAIXA 7,-16.02722222,-48.06888889,150.72283008116585
0011x00000D1xmFAAR,MINI MERCADO,FAIXA 7,-14.51111111,-49.15666667,237.4277893422735
0011x00000D1xr8AAB,MINI MERCADO,FAIXA 7,-20.494055,-54.630781,704.0962057265347
0011x00000D1xndAAB,MINI MERCADO,FAIXA 7,-8.037312,-50.038281,959.6212298262631
0011x00000D1xruAAB,MINI MERCADO,FAIXA 7,-1.30611111,-48.475,1707.529346529843
0011x00000D1xknAAB,MINI MERCADO,FAIXA 7,-0.62361111,-47.36444444,1793.8105092290984
0011x00000D1xr1AAB,MINI MERCADO,FAIXA 7,-9.96527778,-67.83861111,2134.2674401236222
NULL,NULL,NULL,1.0E10,1.0E10,1.0E10
NULL,NULL,NULL,1.0E10,1.0E10,1.0E10
0011x00000D1xmiAAB,LOJA CNV KA,FAIXA 8,-2.69722222,-59.69805556,0.0
NULL,NULL,NULL,1.0E10,1.0E10,1.0E10
NULL,NULL,NULL,1.0E10,1.0E10,1.0E10
NULL,NULL,NULL,1.0E10,1.0E10,1.0E10
NULL,NULL,NULL,1.0E10,1.0E10,1.0E10
NULL,NULL,NULL,1.0E10,1.0E10,1.0E10
NULL,NULL,NULL,1.0E10,1.0E10,1.0E10
NULL,NULL,NULL,1.0E10,1.0E10,1.0E10
NULL,NULL,NULL,1.0E10,1.0E10,1.0E10
NULL,NULL,NULL,1.0E10,1.0E10,1.0E10
NULL,NULL,NULL,1.0E10,1.0E10,1.0E10
0011x00000D1xmjAAB,RESTAURANTE,FAIXA 6,-19.91722222,-54.36805556,0.0
0011x00000D1xmzAAB,RESTAURANTE,FAIXA 6,-14.47666667,-49.15555556,819.8622203640784
0011x00000D1xqKAAR,RESTAURANTE,FAIXA 6,-1.41555556,-48.44,2155.820601786262
NULL,NULL,NULL,1.0E10,1.0E10,1.0E10
NULL,NULL,NULL,1.0E10,1.0E10,1.0E10
NULL,NULL,NULL,1.0E10,1.0E10,1.0E10
NULL,NULL,NULL,1.0E10,1.0E10,1.0E10
NULL,NULL,NULL,1.0E10,1.0E10,1.0E10
NULL,NULL,NULL,1.0E10,1.0E10,1.0E10
NULL,NULL,NULL,1.0E10,1.0E10,1.0E10
NULL,NULL,NULL,1.0E10,1.0E10,1.0E10
0011x00000D1xmkAAB,MINI MERCADO,FAIXA 5,-18.0975,-54.55027778,0.0
0011x00000D1xpwAAB,MINI MERCADO,FAIXA 5,-15.65888889,-56.09694444,317.1714057366095
0011x00000D1xrpAAB,MINI MERCADO,FAIXA 5,-16.65555556,-49.29583333,580.1346255961846
0011x00000D1xpEAAR,MINI MERCADO,FAIXA 5,-18.13166667,-49.04194444,582.103906892678
0011x00000D1xnfAAB,MINI MERCADO,FAIXA 5,-15.8575,-48.07472222,732.2102988936522
0011x00000D1xrAAAR,MINI MERCADO,FAIXA 5,-15.62166667,-46.41861111,907.8892139934092
0011x00000D1xlJAAR,MINI MERCADO,FAIXA 5,-9.97777778,-67.88222222,1696.6363558925373
NULL,NULL,NULL,1.0E10,1.0E10,1.0E10
NULL,NULL,NULL,1.0E10,1.0E10,1.0E10
NULL,NULL,NULL,1.0E10,1.0E10,1.0E10
NULL,NULL,NULL,1.0E10,1.0E10,1.0E10
0011x00000D1xmqAAB,MINI MERCADO,FAIXA 7,-17.213433,-48.711295,0.0
0011x00000D1xmgAAB,MINI MERCADO,FAIXA 7,-16.64,-49.32888889,91.54835945267327
0011x00000D1xnKAAR,MINI MERCADO,FAIXA 7,-16.02722222,-48.06888889,148.59526752714507
0011x00000D1xmFAAR,MINI MERCADO,FAIXA 7,-14.51111111,-49.15666667,304.22164408580704
0011x00000D1xr8AAB,MINI MERCADO,FAIXA 7,-20.494055,-54.630781,721.6974825438978
0011x00000D1xndAAB,MINI MERCADO,FAIXA 7,-8.037312,-50.038281,1030.3730687448972
0011x00000D1xruAAB,MINI MERCADO,FAIXA 7,-1.30611111,-48.475,1768.917148130026
0011x00000D1xknAAB,MINI MERCADO,FAIXA 7,-0.62361111,-47.36444444,1850.4941936325527
0011x00000D1xr1AAB,MINI MERCADO,FAIXA 7,-9.96527778,-67.83861111,2216.7475436544855
NULL,NULL,NULL,1.0E10,1.0E10,1.0E10
NULL,NULL,NULL,1.0E10,1.0E10,1.0E10
0011x00000D1xmRAAR,MINI MERCADO,FAIXA 8,-16.37527778,-46.90694444,0.0
0011x00000D1xmXAAR,MINI MERCADO,FAIXA 8,-16.80611111,-49.92833333,325.5014640043551
0011x00000D1xlUAAR,MINI MERCADO,FAIXA 8,-16.52194444,-50.37444444,370.12566070243986
0011x00000D1xr9AAB,MINI MERCADO,FAIXA 8,-11.80805556,-49.52444444,580.9648192242676
0011x00000D1xoKAAR,MINI MERCADO,FAIXA 8,-16.19861111,-52.55611111,603.2215660541547
0011x00000D1xq3AAB,MINI MERCADO,FAIXA 8,-1.99888889,-54.08138889,1780.961199008678
0011x00000D1xqZAAR,MINI MERCADO,FAIXA 8,-0.04916667,-51.13805556,1873.6432880879374
0011x00000D1xreAAB,MINI MERCADO,FAIXA 8,-8.74361111,-63.85222222,2023.6695726685182
0011x00000D1xo0AAB,MINI MERCADO,FAIXA 8,-3.12027778,-60.03861111,2057.326828294597
0011x00000D1xm3AAB,MINI MERCADO,FAIXA 8,-3.30111111,-60.62166667,2088.0106788049193
NULL,NULL,NULL,1.0E10,1.0E10,1.0E10
0011x00000D1xmVAAR,PADARIA,FAIXA 5,-15.75888889,-47.88805556,0.0
NULL,NULL,NULL,1.0E10,1.0E10,1.0E10
NULL,NULL,NULL,1.0E10,1.0E10,1.0E10
NULL,NULL,NULL,1.0E10,1.0E10,1.0E10
NULL,NULL,NULL,1.0E10,1.0E10,1.0E10
NULL,NULL,NULL,1.0E10,1.0E10,1.0E10
NULL,NULL,NULL,1.0E10,1.0E10,1.0E10
NULL,NULL,NULL,1.0E10,1.0E10,1.0E10
NULL,NULL,NULL,1.0E10,1.0E10,1.0E10
NULL,NULL,NULL,1.0E10,1.0E10,1.0E10
NULL,NULL,NULL,1.0E10,1.0E10,1.0E10
0011x00000D1xmXAAR,MINI MERCADO,FAIXA 8,-16.80611111,-49.92833333,0.0
0011x00000D1xlUAAR,MINI MERCADO,FAIXA 8,-16.52194444,-50.37444444,57.065291984585805
0011x00000D1xoKAAR,MINI MERCADO,FAIXA 8,-16.19861111,-52.55611111,288.1708031983831
0011x00000D1xmRAAR,MINI MERCADO,FAIXA 8,-16.37527778,-46.90694444,325.5014640043551
0011x00000D1xr9AAB,MINI MERCADO,FAIXA 8,-11.80805556,-49.52444444,557.4314828456525
0011x00000D1xq3AAB,MINI MERCADO,FAIXA 8,-1.99888889,-54.08138889,1707.9091460696488
0011x00000D1xreAAB,MINI MERCADO,FAIXA 8,-8.74361111,-63.85222222,1754.5517958915127
0011x00000D1xqZAAR,MINI MERCADO,FAIXA 8,-0.04916667,-51.13805556,1867.906398656748
0011x00000D1xo0AAB,MINI MERCADO,FAIXA 8,-3.12027778,-60.03861111,1880.1764079935722
0011x00000D1xm3AAB,MINI MERCADO,FAIXA 8,-3.30111111,-60.62166667,1902.203551721836
NULL,NULL,NULL,1.0E10,1.0E10,1.0E10
0011x00000D1xmzAAB,RESTAURANTE,FAIXA 6,-14.47666667,-49.15555556,0.0
0011x00000D1xmjAAB,RESTAURANTE,FAIXA 6,-19.91722222,-54.36805556,819.8622203640784
0011x00000D1xqKAAR,RESTAURANTE,FAIXA 6,-1.41555556,-48.44,1454.385821050506
NULL,NULL,NULL,1.0E10,1.0E10,1.0E10
NULL,NULL,NULL,1.0E10,1.0E10,1.0E10
NULL,NULL,NULL,1.0E10,1.0E10,1.0E10
NULL,NULL,NULL,1.0E10,1.0E10,1.0E10
NULL,NULL,NULL,1.0E10,1.0E10,1.0E10
NULL,NULL,NULL,1.0E10,1.0E10,1.0E10
NULL,NULL,NULL,1.0E10,1.0E10,1.0E10
NULL,NULL,NULL,1.0E10,1.0E10,1.0E10
0011x00000D1xn9AAB,BAR NOTURNO,FAIXA 8,-20.46861111,-54.60722222,0.0
NULL,NULL,NULL,1.0E10,1.0E10,1.0E10
NULL,NULL,NULL,1.0E10,1.0E10,1.0E10
NULL,NULL,NULL,1.0E10,1.0E10,1.0E10
NULL,NULL,NULL,1.0E10,1.0E10,1.0E10
NULL,NULL,NULL,1.0E10,1.0E10,1.0E10
NULL,NULL,NULL,1.0E10,1.0E10,1.0E10
NULL,NULL,NULL,1.0E10,1.0E10,1.0E10
NULL,NULL,NULL,1.0E10,1.0E10,1.0E10
NULL,NULL,NULL,1.0E10,1.0E10,1.0E10
NULL,NULL,NULL,1.0E10,1.0E10,1.0E10
0011x00000D1xnaAAB,PADARIA,FAIXA 4,-16.00527778,-48.07694444,9.493073054631141E-5
0011x00000D1xlxAAB,PADARIA,FAIXA 4,-16.00277778,-48.06,1.8322328023801755
0011x00000D1xlQAAR,PADARIA,FAIXA 4,-15.8275,-48.07944444,19.768843583740114
0011x00000D1xnYAAR,PADARIA,FAIXA 4,-15.82722222,-47.9225,25.781364114062693
0011x00000D1xoBAAR,PADARIA,FAIXA 4,-20.44361111,-52.88083333,707.6414503476105
0011x00000D1xoTAAR,PADARIA,FAIXA 4,-1.43222222,-48.48222222,1620.980430516116
NULL,NULL,NULL,1.0E10,1.0E10,1.0E10
NULL,NULL,NULL,1.0E10,1.0E10,1.0E10
NULL,NULL,NULL,1.0E10,1.0E10,1.0E10
NULL,NULL,NULL,1.0E10,1.0E10,1.0E10
NULL,NULL,NULL,1.0E10,1.0E10,1.0E10
0011x00000D1xnBAAR,RESTAURANTE,FAIXA 4,-15.78583333,-49.30305556,0.0
NULL,NULL,NULL,1.0E10,1.0E10,1.0E10
NULL,NULL,NULL,1.0E10,1.0E10,1.0E10
NULL,NULL,NULL,1.0E10,1.0E10,1.0E10
NULL,NULL,NULL,1.0E10,1.0E10,1.0E10
NULL,NULL,NULL,1.0E10,1.0E10,1.0E10
NULL,NULL,NULL,1.0E10,1.0E10,1.0E10
NULL,NULL,NULL,1.0E10,1.0E10,1.0E10
NULL,NULL,NULL,1.0E10,1.0E10,1.0E10
NULL,NULL,NULL,1.0E10,1.0E10,1.0E10
NULL,NULL,NULL,1.0E10,1.0E10,1.0E10
0011x00000D1xncAAB,BANCA,FAIXA 6,-1.44888889,-48.48333333,0.0
NULL,NULL,NULL,1.0E10,1.0E10,1.0E10
NULL,NULL,NULL,1.0E10,1.0E10,1.0E10
NULL,NULL,NULL,1.0E10,1.0E10,1.0E10
NULL,NULL,NULL,1.0E10,1.0E10,1.0E10
NULL,NULL,NULL,1.0E10,1.0E10,1.0E10
NULL,NULL,NULL,1.0E10,1.0E10,1.0E10
NULL,NULL,NULL,1.0E10,1.0E10,1.0E10
NULL,NULL,NULL,1.0E10,1.0E10,1.0E10
NULL,NULL,NULL,1.0E10,1.0E10,1.0E10
NULL,NULL,NULL,1.0E10,1.0E10,1.0E10
0011x00000D1xmFAAR,MINI MERCADO,FAIXA 7,-14.51111111,-49.15666667,726.2026117561512
0011x00000D1xruAAB,MINI MERCADO,FAIXA 7,-1.30611111,-48.475,768.2053330764847
0011x00000D1xknAAB,MINI MERCADO,FAIXA 7,-0.62361111,-47.36444444,875.941723060064
0011x00000D1xnKAAR,MINI MERCADO,FAIXA 7,-16.02722222,-48.06888889,913.7982172923323
0011x00000D1xmgAAB,MINI MERCADO,FAIXA 7,-16.64,-49.32888889,959.6212298262631
0011x00000D1xmqAAB,MINI MERCADO,FAIXA 7,-17.213433,-48.711295,1030.3730687448972
0011x00000D1xr8AAB,MINI MERCADO,FAIXA 7,-20.494055,-54.630781,1470.424307116137
0011x00000D1xr1AAB,MINI MERCADO,FAIXA 7,-9.96527778,-67.83861111,1966.263814599536
NULL,NULL,NULL,1.0E10,1.0E10,1.0E10
NULL,NULL,NULL,1.0E10,1.0E10,1.0E10
0011x00000D1xndAAB,MINI MERCADO,FAIXA 7,-8.037312,-50.038281,NaN
0011x00000D1xnfAAB,MINI MERCADO,FAIXA 5,-15.8575,-48.07472222,9.493073054631141E-5
0011x00000D1xrpAAB,MINI MERCADO,FAIXA 5,-16.65555556,-49.29583333,157.68239561890562
0011x00000D1xrAAAR,MINI MERCADO,FAIXA 5,-15.62166667,-46.41861111,179.16647510020786
0011x00000D1xpEAAR,MINI MERCADO,FAIXA 5,-18.13166667,-49.04194444,272.9763554180066
0011x00000D1xmkAAB,MINI MERCADO,FAIXA 5,-18.0975,-54.55027778,732.2102988936522
0011x00000D1xpwAAB,MINI MERCADO,FAIXA 5,-15.65888889,-56.09694444,858.6950670911532
0011x00000D1xlJAAR,MINI MERCADO,FAIXA 5,-9.97777778,-67.88222222,2242.431942050655
NULL,NULL,NULL,1.0E10,1.0E10,1.0E10
NULL,NULL,NULL,1.0E10,1.0E10,1.0E10
NULL,NULL,NULL,1.0E10,1.0E10,1.0E10
NULL,NULL,NULL,1.0E10,1.0E10,1.0E10
0011x00000D1xngAAB,MINI MERCADO,FAIXA 6,-16.00972222,-48.00166667,0.0
0011x00000D1xnZAAR,MINI MERCADO,FAIXA 6,-15.73777778,-49.32555556,144.78164047250047
0011x00000D1xktAAB,MINI MERCADO,FAIXA 6,-16.63083333,-49.25138889,150.17736521335513
0011x00000D1xlPAAR,MINI MERCADO,FAIXA 6,-16.71944444,-49.32055556,161.32298773237804
0011x00000D1xrFAAR,MINI MERCADO,FAIXA 6,-15.44722222,-50.3625,260.2945671302935
0011x00000D1xnXAAR,MINI MERCADO,FAIXA 6,-11.7125,-49.04805556,490.9700752744058
0011x00000D1xqEAAR,MINI MERCADO,FAIXA 6,-17.56472222,-52.55805556,514.9002818549333
0011x00000D1xqGAAR,MINI MERCADO,FAIXA 6,-20.45472222,-53.76027778,783.4816382651385
0011x00000D1xr4AAB,MINI MERCADO,FAIXA 6,-1.67916667,-50.47638889,1616.3109592116598
0011x00000D1xrCAAR,MINI MERCADO,FAIXA 6,-3.103047,-59.986005,1943.7257783413934
0011x00000D1xlfAAB,MINI MERCADO,FAIXA 6,-3.03,-59.92972222,1945.66864275955
0011x00000D1xnJAAR,LANCHONETE,FAIXA 5,-15.80305556,-48.07,0.0
NULL,NULL,NULL,1.0E10,1.0E10,1.0E10
NULL,NULL,NULL,1.0E10,1.0E10,1.0E10
NULL,NULL,NULL,1.0E10,1.0E10,1.0E10
NULL,NULL,NULL,1.0E10,1.0E10,1.0E10
NULL,NULL,NULL,1.0E10,1.0E10,1.0E10
NULL,NULL,NULL,1.0E10,1.0E10,1.0E10
NULL,NULL,NULL,1.0E10,1.0E10,1.0E10
NULL,NULL,NULL,1.0E10,1.0E10,1.0E10
NULL,NULL,NULL,1.0E10,1.0E10,1.0E10
NULL,NULL,NULL,1.0E10,1.0E10,1.0E10
0011x00000D1xnKAAR,MINI MERCADO,FAIXA 7,-16.02722222,-48.06888889,9.493073054631141E-5
0011x00000D1xmqAAB,MINI MERCADO,FAIXA 7,-17.213433,-48.711295,148.59526752714507
0011x00000D1xmgAAB,MINI MERCADO,FAIXA 7,-16.64,-49.32888889,150.72283008116585
0011x00000D1xmFAAR,MINI MERCADO,FAIXA 7,-14.51111111,-49.15666667,205.01461818988676
0011x00000D1xr8AAB,MINI MERCADO,FAIXA 7,-20.494055,-54.630781,852.2750550396581
0011x00000D1xndAAB,MINI MERCADO,FAIXA 7,-8.037312,-50.038281,913.7982172923323
0011x00000D1xruAAB,MINI MERCADO,FAIXA 7,-1.30611111,-48.475,1637.4391249695889
0011x00000D1xknAAB,MINI MERCADO,FAIXA 7,-0.62361111,-47.36444444,1714.462349212938
0011x00000D1xr1AAB,MINI MERCADO,FAIXA 7,-9.96527778,-67.83861111,2243.803724060571
NULL,NULL,NULL,1.0E10,1.0E10,1.0E10
NULL,NULL,NULL,1.0E10,1.0E10,1.0E10
0011x00000D1xnPAAR,RESTAURANTE,FAIXA 8,-22.22861111,-54.81694444,0.0
0011x00000D1xleAAB,RESTAURANTE,FAIXA 8,-15.5075,-56.06472222,758.7439452543393
NULL,NULL,NULL,1.0E10,1.0E10,1.0E10
NULL,NULL,NULL,1.0E10,1.0E10,1.0E10
NULL,NULL,NULL,1.0E10,1.0E10,1.0E10
NULL,NULL,NULL,1.0E10,1.0E10,1.0E10
NULL,NULL,NULL,1.0E10,1.0E10,1.0E10
NULL,NULL,NULL,1.0E10,1.0E10,1.0E10
NULL,NULL,NULL,1.0E10,1.0E10,1.0E10
NULL,NULL,NULL,1.0E10,1.0E10,1.0E10
NULL,NULL,NULL,1.0E10,1.0E10,1.0E10
0011x00000D1xnSAAR,PDV FUMO DESFIADO,FAIXA 4,-15.326705,-49.12822,0.0
NULL,NULL,NULL,1.0E10,1.0E10,1.0E10
NULL,NULL,NULL,1.0E10,1.0E10,1.0E10
NULL,NULL,NULL,1.0E10,1.0E10,1.0E10
NULL,NULL,NULL,1.0E10,1.0E10,1.0E10
NULL,NULL,NULL,1.0E10,1.0E10,1.0E10
NULL,NULL,NULL,1.0E10,1.0E10,1.0E10
NULL,NULL,NULL,1.0E10,1.0E10,1.0E10
NULL,NULL,NULL,1.0E10,1.0E10,1.0E10
NULL,NULL,NULL,1.0E10,1.0E10,1.0E10
NULL,NULL,NULL,1.0E10,1.0E10,1.0E10
0011x00000D1xnXAAR,MINI MERCADO,FAIXA 6,-11.7125,-49.04805556,9.493073054631141E-5
0011x00000D1xrFAAR,MINI MERCADO,FAIXA 6,-15.44722222,-50.3625,438.8817144002102
0011x00000D1xnZAAR,MINI MERCADO,FAIXA 6,-15.73777778,-49.32555556,448.571017451555
0011x00000D1xngAAB,MINI MERCADO,FAIXA 6,-16.00972222,-48.00166667,490.9700752744058
0011x00000D1xktAAB,MINI MERCADO,FAIXA 6,-16.63083333,-49.25138889,547.3062323927679
0011x00000D1xlPAAR,MINI MERCADO,FAIXA 6,-16.71944444,-49.32055556,557.4936906639148
0011x00000D1xqEAAR,MINI MERCADO,FAIXA 6,-17.56472222,-52.55805556,752.2320372638611
0011x00000D1xqGAAR,MINI MERCADO,FAIXA 6,-20.45472222,-53.76027778,1094.3935765221513
0011x00000D1xr4AAB,MINI MERCADO,FAIXA 6,-1.67916667,-50.47638889,1126.668230890273
0011x00000D1xrCAAR,MINI MERCADO,FAIXA 6,-3.103047,-59.986005,1538.8165544228746
0011x00000D1xlfAAB,MINI MERCADO,FAIXA 6,-3.03,-59.92972222,1539.1115424572747
0011x00000D1xnYAAR,PADARIA,FAIXA 4,-15.82722222,-47.9225,0.0
0011x00000D1xlQAAR,PADARIA,FAIXA 4,-15.8275,-48.07944444,16.789024831717114
0011x00000D1xlxAAB,PADARIA,FAIXA 4,-16.00277778,-48.06,24.43753514059927
0011x00000D1xnaAAB,PADARIA,FAIXA 4,-16.00527778,-48.07694444,25.781364114062693
0011x00000D1xoBAAR,PADARIA,FAIXA 4,-20.44361111,-52.88083333,733.3199955058361
0011x00000D1xoTAAR,PADARIA,FAIXA 4,-1.43222222,-48.48222222,1601.7495772972677
NULL,NULL,NULL,1.0E10,1.0E10,1.0E10
NULL,NULL,NULL,1.0E10,1.0E10,1.0E10
NULL,NULL,NULL,1.0E10,1.0E10,1.0E10
NULL,NULL,NULL,1.0E10,1.0E10,1.0E10
NULL,NULL,NULL,1.0E10,1.0E10,1.0E10
0011x00000D1xnZAAR,MINI MERCADO,FAIXA 6,-15.73777778,-49.32555556,0.0
0011x00000D1xktAAB,MINI MERCADO,FAIXA 6,-16.63083333,-49.25138889,99.6137879846431
0011x00000D1xlPAAR,MINI MERCADO,FAIXA 6,-16.71944444,-49.32055556,109.15240583828162
0011x00000D1xrFAAR,MINI MERCADO,FAIXA 6,-15.44722222,-50.3625,115.65771410689133
0011x00000D1xngAAB,MINI MERCADO,FAIXA 6,-16.00972222,-48.00166667,144.78164047250047
0011x00000D1xqEAAR,MINI MERCADO,FAIXA 6,-17.56472222,-52.55805556,399.78162939169005
0011x00000D1xnXAAR,MINI MERCADO,FAIXA 6,-11.7125,-49.04805556,448.571017451555
0011x00000D1xqGAAR,MINI MERCADO,FAIXA 6,-20.45472222,-53.76027778,703.2663064508373
0011x00000D1xr4AAB,MINI MERCADO,FAIXA 6,-1.67916667,-50.47638889,1568.2525882847642
0011x00000D1xrCAAR,MINI MERCADO,FAIXA 6,-3.103047,-59.986005,1826.1594230470703
0011x00000D1xlfAAB,MINI MERCADO,FAIXA 6,-3.03,-59.92972222,1828.5595211659224
0011x00000D1xo0AAB,MINI MERCADO,FAIXA 8,-3.12027778,-60.03861111,0.0
0011x00000D1xm3AAB,MINI MERCADO,FAIXA 8,-3.30111111,-60.62166667,67.77894370445891
0011x00000D1xq3AAB,MINI MERCADO,FAIXA 8,-1.99888889,-54.08138889,673.3539373006025
0011x00000D1xreAAB,MINI MERCADO,FAIXA 8,-8.74361111,-63.85222222,754.1095549931708
0011x00000D1xqZAAR,MINI MERCADO,FAIXA 8,-0.04916667,-51.13805556,1046.4345107151055
0011x00000D1xr9AAB,MINI MERCADO,FAIXA 8,-11.80805556,-49.52444444,1507.9834870810876
0011x00000D1xoKAAR,MINI MERCADO,FAIXA 8,-16.19861111,-52.55611111,1668.5661810701092
0011x00000D1xlUAAR,MINI MERCADO,FAIXA 8,-16.52194444,-50.37444444,1826.4415994651758
0011x00000D1xmXAAR,MINI MERCADO,FAIXA 8,-16.80611111,-49.92833333,1880.1764079935722
0011x00000D1xmRAAR,MINI MERCADO,FAIXA 8,-16.37527778,-46.90694444,2057.326828294597
NULL,NULL,NULL,1.0E10,1.0E10,1.0E10
0011x00000D1xo1AAB,BANCA,FAIXA 7,-3.13333333,-60.02055556,0.0
0011x00000D1xqQAAR,BANCA,FAIXA 7,-15.80305556,-47.89555556,1935.1842389235949
NULL,NULL,NULL,1.0E10,1.0E10,1.0E10
NULL,NULL,NULL,1.0E10,1.0E10,1.0E10
NULL,NULL,NULL,1.0E10,1.0E10,1.0E10
NULL,NULL,NULL,1.0E10,1.0E10,1.0E10
NULL,NULL,NULL,1.0E10,1.0E10,1.0E10
NULL,NULL,NULL,1.0E10,1.0E10,1.0E10
NULL,NULL,NULL,1.0E10,1.0E10,1.0E10
NULL,NULL,NULL,1.0E10,1.0E10,1.0E10
NULL,NULL,NULL,1.0E10,1.0E10,1.0E10
0011x00000D1xo8AAB,BAR,FAIXA 6,-16.71138889,-49.28777778,0.0
0011x00000D1xqaAAB,BAR,FAIXA 6,-16.96861111,-48.95138889,45.82085090657047
0011x00000D1xlEAAR,BAR,FAIXA 6,-15.63444444,-47.65083333,211.88550344291053
0011x00000D1xpKAAR,BAR,FAIXA 6,-15.07444444,-57.18472222,863.8017960644614
0011x00000D1xm0AAB,BAR,FAIXA 6,-11.90638889,-61.51305556,1420.814419205405
NULL,NULL,NULL,1.0E10,1.0E10,1.0E10
NULL,NULL,NULL,1.0E10,1.0E10,1.0E10
NULL,NULL,NULL,1.0E10,1.0E10,1.0E10
NULL,NULL,NULL,1.0E10,1.0E10,1.0E10
NULL,NULL,NULL,1.0E10,1.0E10,1.0E10
NULL,NULL,NULL,1.0E10,1.0E10,1.0E10
0011x00000D1xoAAAR,PADARIA,FAIXA 8,-15.59305556,-56.10722222,0.0
0011x00000D1xpoAAB,PADARIA,FAIXA 8,-18.21916667,-49.73833333,737.6939440082062
0011x00000D1xp5AAB,PADARIA,FAIXA 8,-20.77472222,-51.6975,740.7670753113877
NULL,NULL,NULL,1.0E10,1.0E10,1.0E10
NULL,NULL,NULL,1.0E10,1.0E10,1.0E10
NULL,NULL,NULL,1.0E10,1.0E10,1.0E10
NULL,NULL,NULL,1.0E10,1.0E10,1.0E10
NULL,NULL,NULL,1.0E10,1.0E10,1.0E10
NULL,NULL,NULL,1.0E10,1.0E10,1.0E10
NULL,NULL,NULL,1.0E10,1.0E10,1.0E10
NULL,NULL,NULL,1.0E10,1.0E10,1.0E10
0011x00000D1xoBAAR,PADARIA,FAIXA 4,-20.44361111,-52.88083333,0.0
0011x00000D1xnaAAB,PADARIA,FAIXA 4,-16.00527778,-48.07694444,707.6414503476105
0011x00000D1xlxAAB,PADARIA,FAIXA 4,-16.00277778,-48.06,709.1205980989608
0011x00000D1xlQAAR,PADARIA,FAIXA 4,-15.8275,-48.07944444,721.5525377938211
0011x00000D1xnYAAR,PADARIA,FAIXA 4,-15.82722222,-47.9225,733.3199955058361
0011x00000D1xoTAAR,PADARIA,FAIXA 4,-1.43222222,-48.48222222,2167.1785956531753
NULL,NULL,NULL,1.0E10,1.0E10,1.0E10
NULL,NULL,NULL,1.0E10,1.0E10,1.0E10
NULL,NULL,NULL,1.0E10,1.0E10,1.0E10
NULL,NULL,NULL,1.0E10,1.0E10,1.0E10
NULL,NULL,NULL,1.0E10,1.0E10,1.0E10
0011x00000D1xoCAAR,LOJA CNV INDEPENDENTE,FAIXA 6,-16.45944444,-49.05833333,0.0
NULL,NULL,NULL,1.0E10,1.0E10,1.0E10
NULL,NULL,NULL,1.0E10,1.0E10,1.0E10
NULL,NULL,NULL,1.0E10,1.0E10,1.0E10
NULL,NULL,NULL,1.0E10,1.0E10,1.0E10
NULL,NULL,NULL,1.0E10,1.0E10,1.0E10
NULL,NULL,NULL,1.0E10,1.0E10,1.0E10
NULL,NULL,NULL,1.0E10,1.0E10,1.0E10
NULL,NULL,NULL,1.0E10,1.0E10,1.0E10
NULL,NULL,NULL,1.0E10,1.0E10,1.0E10
NULL,NULL,NULL,1.0E10,1.0E10,1.0E10
0011x00000D1xoKAAR,MINI MERCADO,FAIXA 8,-16.19861111,-52.55611111,9.493073054631141E-5
0011x00000D1xlUAAR,MINI MERCADO,FAIXA 8,-16.52194444,-50.37444444,235.5151079744179
0011x00000D1xmXAAR,MINI MERCADO,FAIXA 8,-16.80611111,-49.92833333,288.1708031983831
0011x00000D1xr9AAB,MINI MERCADO,FAIXA 8,-11.80805556,-49.52444444,587.5679737837622
0011x00000D1xmRAAR,MINI MERCADO,FAIXA 8,-16.37527778,-46.90694444,603.2215660541547
0011x00000D1xreAAB,MINI MERCADO,FAIXA 8,-8.74361111,-63.85222222,1479.3360816333322
0011x00000D1xq3AAB,MINI MERCADO,FAIXA 8,-1.99888889,-54.08138889,1587.6683405294127
0011x00000D1xo0AAB,MINI MERCADO,FAIXA 8,-3.12027778,-60.03861111,1668.5661810701092
0011x00000D1xm3AAB,MINI MERCADO,FAIXA 8,-3.30111111,-60.62166667,1683.482101394091
0011x00000D1xqZAAR,MINI MERCADO,FAIXA 8,-0.04916667,-51.13805556,1802.3738207838283
NULL,NULL,NULL,1.0E10,1.0E10,1.0E10
0011x00000D1xoTAAR,PADARIA,FAIXA 4,-1.43222222,-48.48222222,0.0
0011x00000D1xlQAAR,PADARIA,FAIXA 4,-15.8275,-48.07944444,1601.2137099735742
0011x00000D1xnYAAR,PADARIA,FAIXA 4,-15.82722222,-47.9225,1601.7495772972677
0011x00000D1xlxAAB,PADARIA,FAIXA 4,-16.00277778,-48.06,1620.754514928756
0011x00000D1xnaAAB,PADARIA,FAIXA 4,-16.00527778,-48.07694444,1620.980430516116
0011x00000D1xoBAAR,PADARIA,FAIXA 4,-20.44361111,-52.88083333,2167.1785956531753
NULL,NULL,NULL,1.0E10,1.0E10,1.0E10
NULL,NULL,NULL,1.0E10,1.0E10,1.0E10
NULL,NULL,NULL,1.0E10,1.0E10,1.0E10
NULL,NULL,NULL,1.0E10,1.0E10,1.0E10
NULL,NULL,NULL,1.0E10,1.0E10,1.0E10
0011x00000D1xoYAAR,LOJA CNV KA,FAIXA 4,-3.07944444,-60.02472222,0.0
NULL,NULL,NULL,1.0E10,1.0E10,1.0E10
NULL,NULL,NULL,1.0E10,1.0E10,1.0E10
NULL,NULL,NULL,1.0E10,1.0E10,1.0E10
NULL,NULL,NULL,1.0E10,1.0E10,1.0E10
NULL,NULL,NULL,1.0E10,1.0E10,1.0E10
NULL,NULL,NULL,1.0E10,1.0E10,1.0E10
NULL,NULL,NULL,1.0E10,1.0E10,1.0E10
NULL,NULL,NULL,1.0E10,1.0E10,1.0E10
NULL,NULL,NULL,1.0E10,1.0E10,1.0E10
NULL,NULL,NULL,1.0E10,1.0E10,1.0E10
0011x00000D1xp5AAB,PADARIA,FAIXA 8,-20.77472222,-51.6975,0.0
0011x00000D1xpoAAB,PADARIA,FAIXA 8,-18.21916667,-49.73833333,350.57030997827144
0011x00000D1xoAAAR,PADARIA,FAIXA 8,-15.59305556,-56.10722222,740.7670753113877
NULL,NULL,NULL,1.0E10,1.0E10,1.0E10
NULL,NULL,NULL,1.0E10,1.0E10,1.0E10
NULL,NULL,NULL,1.0E10,1.0E10,1.0E10
NULL,NULL,NULL,1.0E10,1.0E10,1.0E10
NULL,NULL,NULL,1.0E10,1.0E10,1.0E10
NULL,NULL,NULL,1.0E10,1.0E10,1.0E10
NULL,NULL,NULL,1.0E10,1.0E10,1.0E10
NULL,NULL,NULL,1.0E10,1.0E10,1.0E10
0011x00000D1xp7AAB,LANCHONETE,FAIXA 6,-2.41972222,-54.70972222,9.493073054631141E-5
NULL,NULL,NULL,1.0E10,1.0E10,1.0E10
NULL,NULL,NULL,1.0E10,1.0E10,1.0E10
NULL,NULL,NULL,1.0E10,1.0E10,1.0E10
NULL,NULL,NULL,1.0E10,1.0E10,1.0E10
NULL,NULL,NULL,1.0E10,1.0E10,1.0E10
NULL,NULL,NULL,1.0E10,1.0E10,1.0E10
NULL,NULL,NULL,1.0E10,1.0E10,1.0E10
NULL,NULL,NULL,1.0E10,1.0E10,1.0E10
NULL,NULL,NULL,1.0E10,1.0E10,1.0E10
NULL,NULL,NULL,1.0E10,1.0E10,1.0E10
0011x00000D1xpEAAR,MINI MERCADO,FAIXA 5,-18.13166667,-49.04194444,9.493073054631141E-5
0011x00000D1xrpAAB,MINI MERCADO,FAIXA 5,-16.65555556,-49.29583333,166.32411513791072
0011x00000D1xnfAAB,MINI MERCADO,FAIXA 5,-15.8575,-48.07472222,272.9763554180066
0011x00000D1xrAAAR,MINI MERCADO,FAIXA 5,-15.62166667,-46.41861111,394.6930028443503
0011x00000D1xmkAAB,MINI MERCADO,FAIXA 5,-18.0975,-54.55027778,582.103906892678
0011x00000D1xpwAAB,MINI MERCADO,FAIXA 5,-15.65888889,-56.09694444,799.2498748178587
0011x00000D1xlJAAR,MINI MERCADO,FAIXA 5,-9.97777778,-67.88222222,2222.839019283661
NULL,NULL,NULL,1.0E10,1.0E10,1.0E10
NULL,NULL,NULL,1.0E10,1.0E10,1.0E10
NULL,NULL,NULL,1.0E10,1.0E10,1.0E10
NULL,NULL,NULL,1.0E10,1.0E10,1.0E10
0011x00000D1xpgAAB,BAR,FAIXA 5,-12.74444444,-60.14333333,0.0
0011x00000D1xqxAAB,BAR,FAIXA 5,-15.58972222,-47.86833333,1360.326399576365
0011x00000D1xlWAAR,BAR,FAIXA 5,-15.63,-47.6525,1383.8667437063266
NULL,NULL,NULL,1.0E10,1.0E10,1.0E10
NULL,NULL,NULL,1.0E10,1.0E10,1.0E10
NULL,NULL,NULL,1.0E10,1.0E10,1.0E10
NULL,NULL,NULL,1.0E10,1.0E10,1.0E10
NULL,NULL,NULL,1.0E10,1.0E10,1.0E10
NULL,NULL,NULL,1.0E10,1.0E10,1.0E10
NULL,NULL,NULL,1.0E10,1.0E10,1.0E10
NULL,NULL,NULL,1.0E10,1.0E10,1.0E10
0011x00000D1xpHAAR,LOJA DE VIZINHANCA KA,FAIXA 6,-17.74138889,-48.62472222,9.493073054631141E-5
NULL,NULL,NULL,1.0E10,1.0E10,1.0E10
NULL,NULL,NULL,1.0E10,1.0E10,1.0E10
NULL,NULL,NULL,1.0E10,1.0E10,1.0E10
NULL,NULL,NULL,1.0E10,1.0E10,1.0E10
NULL,NULL,NULL,1.0E10,1.0E10,1.0E10
NULL,NULL,NULL,1.0E10,1.0E10,1.0E10
NULL,NULL,NULL,1.0E10,1.0E10,1.0E10
NULL,NULL,NULL,1.0E10,1.0E10,1.0E10
NULL,NULL,NULL,1.0E10,1.0E10,1.0E10
NULL,NULL,NULL,1.0E10,1.0E10,1.0E10
0011x00000D1xpiAAB,BAR,FAIXA 7,-15.61138889,-56.02444444,0.0
0011x00000D1xqgAAB,BAR,FAIXA 7,-15.62083333,-46.42305556,1028.0800335834545
0011x00000D1xmDAAR,BAR,FAIXA 7,-1.45888889,-48.47027778,1778.3259910653626
NULL,NULL,NULL,1.0E10,1.0E10,1.0E10
NULL,NULL,NULL,1.0E10,1.0E10,1.0E10
NULL,NULL,NULL,1.0E10,1.0E10,1.0E10
NULL,NULL,NULL,1.0E10,1.0E10,1.0E10
NULL,NULL,NULL,1.0E10,1.0E10,1.0E10
NULL,NULL,NULL,1.0E10,1.0E10,1.0E10
NULL,NULL,NULL,1.0E10,1.0E10,1.0E10
NULL,NULL,NULL,1.0E10,1.0E10,1.0E10
0011x00000D1xpIAAR,LOJA CNV KA,FAIXA 5,-16.33055556,-48.95,0.0
NULL,NULL,NULL,1.0E10,1.0E10,1.0E10
NULL,NULL,NULL,1.0E10,1.0E10,1.0E10
NULL,NULL,NULL,1.0E10,1.0E10,1.0E10
NULL,NULL,NULL,1.0E10,1.0E10,1.0E10
NULL,NULL,NULL,1.0E10,1.0E10,1.0E10
NULL,NULL,NULL,1.0E10,1.0E10,1.0E10
NULL,NULL,NULL,1.0E10,1.0E10,1.0E10
NULL,NULL,NULL,1.0E10,1.0E10,1.0E10
NULL,NULL,NULL,1.0E10,1.0E10,1.0E10
NULL,NULL,NULL,1.0E10,1.0E10,1.0E10
0011x00000D1xpJAAR,SUPERMERCADO,FAIXA 3,-15.81666667,-47.98111111,9.493073054631141E-5
0011x00000D1xlrAAB,SUPERMERCADO,FAIXA 3,-16.0275,-49.79916667,195.80116981508206
NULL,NULL,NULL,1.0E10,1.0E10,1.0E10
NULL,NULL,NULL,1.0E10,1.0E10,1.0E10
NULL,NULL,NULL,1.0E10,1.0E10,1.0E10
NULL,NULL,NULL,1.0E10,1.0E10,1.0E10
NULL,NULL,NULL,1.0E10,1.0E10,1.0E10
NULL,NULL,NULL,1.0E10,1.0E10,1.0E10
NULL,NULL,NULL,1.0E10,1.0E10,1.0E10
NULL,NULL,NULL,1.0E10,1.0E10,1.0E10
NULL,NULL,NULL,1.0E10,1.0E10,1.0E10
0011x00000D1xpKAAR,BAR,FAIXA 6,-15.07444444,-57.18472222,0.0
0011x00000D1xm0AAB,BAR,FAIXA 6,-11.90638889,-61.51305556,585.6825633764904
0011x00000D1xo8AAB,BAR,FAIXA 6,-16.71138889,-49.28777778,863.8017960644614
0011x00000D1xqaAAB,BAR,FAIXA 6,-16.96861111,-48.95138889,904.6524818899303
0011x00000D1xlEAAR,BAR,FAIXA 6,-15.63444444,-47.65083333,1024.038118364204
NULL,NULL,NULL,1.0E10,1.0E10,1.0E10
NULL,NULL,NULL,1.0E10,1.0E10,1.0E10
NULL,NULL,NULL,1.0E10,1.0E10,1.0E10
NULL,NULL,NULL,1.0E10,1.0E10,1.0E10
NULL,NULL,NULL,1.0E10,1.0E10,1.0E10
NULL,NULL,NULL,1.0E10,1.0E10,1.0E10
0011x00000D1xq8AAB,MERCEARIA,FAIXA 5,-15.82722222,-47.90555556,721.2103625605139
NULL,NULL,NULL,1.0E10,1.0E10,1.0E10
NULL,NULL,NULL,1.0E10,1.0E10,1.0E10
NULL,NULL,NULL,1.0E10,1.0E10,1.0E10
NULL,NULL,NULL,1.0E10,1.0E10,1.0E10
NULL,NULL,NULL,1.0E10,1.0E10,1.0E10
NULL,NULL,NULL,1.0E10,1.0E10,1.0E10
NULL,NULL,NULL,1.0E10,1.0E10,1.0E10
NULL,NULL,NULL,1.0E10,1.0E10,1.0E10
NULL,NULL,NULL,1.0E10,1.0E10,1.0E10
0011x00000D1xpLAAR,MERCEARIA,FAIXA 5,-16.46833333,-54.62555556,NaN
0011x00000D1xpNAAR,BAR,FAIXA 8,-2.58194444,-49.50861111,9.493073054631141E-5
0011x00000D1xl7AAB,BAR,FAIXA 8,-15.68972222,-47.85888889,1468.604812801942
NULL,NULL,NULL,1.0E10,1.0E10,1.0E10
NULL,NULL,NULL,1.0E10,1.0E10,1.0E10
NULL,NULL,NULL,1.0E10,1.0E10,1.0E10
NULL,NULL,NULL,1.0E10,1.0E10,1.0E10
NULL,NULL,NULL,1.0E10,1.0E10,1.0E10
NULL,NULL,NULL,1.0E10,1.0E10,1.0E10
NULL,NULL,NULL,1.0E10,1.0E10,1.0E10
NULL,NULL,NULL,1.0E10,1.0E10,1.0E10
NULL,NULL,NULL,1.0E10,1.0E10,1.0E10
0011x00000D1xpoAAB,PADARIA,FAIXA 8,-18.21916667,-49.73833333,0.0
0011x00000D1xp5AAB,PADARIA,FAIXA 8,-20.77472222,-51.6975,350.57030997827144
0011x00000D1xoAAAR,PADARIA,FAIXA 8,-15.59305556,-56.10722222,737.6939440082062
NULL,NULL,NULL,1.0E10,1.0E10,1.0E10
NULL,NULL,NULL,1.0E10,1.0E10,1.0E10
NULL,NULL,NULL,1.0E10,1.0E10,1.0E10
NULL,NULL,NULL,1.0E10,1.0E10,1.0E10
NULL,NULL,NULL,1.0E10,1.0E10,1.0E10
NULL,NULL,NULL,1.0E10,1.0E10,1.0E10
NULL,NULL,NULL,1.0E10,1.0E10,1.0E10
NULL,NULL,NULL,1.0E10,1.0E10,1.0E10
0011x00000D1xpPAAR,LANCHONETE,FAIXA 3,-15.23805556,-56.48944444,0.0
NULL,NULL,NULL,1.0E10,1.0E10,1.0E10
NULL,NULL,NULL,1.0E10,1.0E10,1.0E10
NULL,NULL,NULL,1.0E10,1.0E10,1.0E10
NULL,NULL,NULL,1.0E10,1.0E10,1.0E10
NULL,NULL,NULL,1.0E10,1.0E10,1.0E10
NULL,NULL,NULL,1.0E10,1.0E10,1.0E10
NULL,NULL,NULL,1.0E10,1.0E10,1.0E10
NULL,NULL,NULL,1.0E10,1.0E10,1.0E10
NULL,NULL,NULL,1.0E10,1.0E10,1.0E10
NULL,NULL,NULL,1.0E10,1.0E10,1.0E10
0011x00000D1xpQAAR,LANCHONETE,FAIXA 4,-17.30555556,-49.01722222,0.0
0011x00000D1xqFAAR,LANCHONETE,FAIXA 4,-18.17777778,-47.94194444,149.57375934159705
NULL,NULL,NULL,1.0E10,1.0E10,1.0E10
NULL,NULL,NULL,1.0E10,1.0E10,1.0E10
NULL,NULL,NULL,1.0E10,1.0E10,1.0E10
NULL,NULL,NULL,1.0E10,1.0E10,1.0E10
NULL,NULL,NULL,1.0E10,1.0E10,1.0E10
NULL,NULL,NULL,1.0E10,1.0E10,1.0E10
NULL,NULL,NULL,1.0E10,1.0E10,1.0E10
NULL,NULL,NULL,1.0E10,1.0E10,1.0E10
NULL,NULL,NULL,1.0E10,1.0E10,1.0E10
0011x00000D1xpRAAR,DISTRIBUIDORA DE BEBIDAS,FAIXA 5,-15.83694444,-48.11861111,9.493073054631141E-5
NULL,NULL,NULL,1.0E10,1.0E10,1.0E10
NULL,NULL,NULL,1.0E10,1.0E10,1.0E10
NULL,NULL,NULL,1.0E10,1.0E10,1.0E10
NULL,NULL,NULL,1.0E10,1.0E10,1.0E10
NULL,NULL,NULL,1.0E10,1.0E10,1.0E10
NULL,NULL,NULL,1.0E10,1.0E10,1.0E10
NULL,NULL,NULL,1.0E10,1.0E10,1.0E10
NULL,NULL,NULL,1.0E10,1.0E10,1.0E10
NULL,NULL,NULL,1.0E10,1.0E10,1.0E10
NULL,NULL,NULL,1.0E10,1.0E10,1.0E10
0011x00000D1xpwAAB,MINI MERCADO,FAIXA 5,-15.65888889,-56.09694444,0.0
0011x00000D1xmkAAB,MINI MERCADO,FAIXA 5,-18.0975,-54.55027778,317.1714057366095
0011x00000D1xrpAAB,MINI MERCADO,FAIXA 5,-16.65555556,-49.29583333,734.7047873665624
0011x00000D1xpEAAR,MINI MERCADO,FAIXA 5,-18.13166667,-49.04194444,799.2498748178587
0011x00000D1xnfAAB,MINI MERCADO,FAIXA 5,-15.8575,-48.07472222,858.6950670911532
0011x00000D1xrAAAR,MINI MERCADO,FAIXA 5,-15.62166667,-46.41861111,1036.2026962954494
0011x00000D1xlJAAR,MINI MERCADO,FAIXA 5,-9.97777778,-67.88222222,1424.7158319568857
NULL,NULL,NULL,1.0E10,1.0E10,1.0E10
NULL,NULL,NULL,1.0E10,1.0E10,1.0E10
NULL,NULL,NULL,1.0E10,1.0E10,1.0E10
NULL,NULL,NULL,1.0E10,1.0E10,1.0E10
0011x00000D1xpzAAB,RESTAURANTE,FAIXA 5,-16.66361111,-49.24583333,0.0
NULL,NULL,NULL,1.0E10,1.0E10,1.0E10
NULL,NULL,NULL,1.0E10,1.0E10,1.0E10
NULL,NULL,NULL,1.0E10,1.0E10,1.0E10
NULL,NULL,NULL,1.0E10,1.0E10,1.0E10
NULL,NULL,NULL,1.0E10,1.0E10,1.0E10
NULL,NULL,NULL,1.0E10,1.0E10,1.0E10
NULL,NULL,NULL,1.0E10,1.0E10,1.0E10
NULL,NULL,NULL,1.0E10,1.0E10,1.0E10
NULL,NULL,NULL,1.0E10,1.0E10,1.0E10
NULL,NULL,NULL,1.0E10,1.0E10,1.0E10
0011x00000D1xq3AAB,MINI MERCADO,FAIXA 8,-1.99888889,-54.08138889,0.0
0011x00000D1xqZAAR,MINI MERCADO,FAIXA 8,-0.04916667,-51.13805556,392.5011538423374
0011x00000D1xo0AAB,MINI MERCADO,FAIXA 8,-3.12027778,-60.03861111,673.3539373006025
0011x00000D1xm3AAB,MINI MERCADO,FAIXA 8,-3.30111111,-60.62166667,740.7064464580465
0011x00000D1xr9AAB,MINI MERCADO,FAIXA 8,-11.80805556,-49.52444444,1200.8119436934985
0011x00000D1xreAAB,MINI MERCADO,FAIXA 8,-8.74361111,-63.85222222,1315.6580357530404
0011x00000D1xoKAAR,MINI MERCADO,FAIXA 8,-16.19861111,-52.55611111,1587.6683405294127
0011x00000D1xlUAAR,MINI MERCADO,FAIXA 8,-16.52194444,-50.37444444,1664.976628418823
0011x00000D1xmXAAR,MINI MERCADO,FAIXA 8,-16.80611111,-49.92833333,1707.9091460696488
0011x00000D1xmRAAR,MINI MERCADO,FAIXA 8,-16.37527778,-46.90694444,1780.961199008678
NULL,NULL,NULL,1.0E10,1.0E10,1.0E10
0011x00000D1xq8AAB,MERCEARIA,FAIXA 5,-15.82722222,-47.90555556,0.0
0011x00000D1xpLAAR,MERCEARIA,FAIXA 5,-16.46833333,-54.62555556,721.2103625605139
NULL,NULL,NULL,1.0E10,1.0E10,1.0E10
NULL,NULL,NULL,1.0E10,1.0E10,1.0E10
NULL,NULL,NULL,1.0E10,1.0E10,1.0E10
NULL,NULL,NULL,1.0E10,1.0E10,1.0E10
NULL,NULL,NULL,1.0E10,1.0E10,1.0E10
NULL,NULL,NULL,1.0E10,1.0E10,1.0E10
NULL,NULL,NULL,1.0E10,1.0E10,1.0E10
NULL,NULL,NULL,1.0E10,1.0E10,1.0E10
NULL,NULL,NULL,1.0E10,1.0E10,1.0E10
0011x00000D1xqaAAB,BAR,FAIXA 6,-16.96861111,-48.95138889,9.493073054631141E-5
0011x00000D1xo8AAB,BAR,FAIXA 6,-16.71138889,-49.28777778,45.82085090657047
0011x00000D1xlEAAR,BAR,FAIXA 6,-15.63444444,-47.65083333,203.14813109207867
0011x00000D1xpKAAR,BAR,FAIXA 6,-15.07444444,-57.18472222,904.6524818899303
0011x00000D1xm0AAB,BAR,FAIXA 6,-11.90638889,-61.51305556,1464.4138611188241
NULL,NULL,NULL,1.0E10,1.0E10,1.0E10
NULL,NULL,NULL,1.0E10,1.0E10,1.0E10
NULL,NULL,NULL,1.0E10,1.0E10,1.0E10
NULL,NULL,NULL,1.0E10,1.0E10,1.0E10
NULL,NULL,NULL,1.0E10,1.0E10,1.0E10
NULL,NULL,NULL,1.0E10,1.0E10,1.0E10
0011x00000D1xqBAAR,MERCEARIA,FAIXA 6,-1.43333333,-48.46805556,0.0
0011x00000D1xqNAAR,MERCEARIA,FAIXA 6,-16.00166667,-54.92111111,1767.4795093627818
NULL,NULL,NULL,1.0E10,1.0E10,1.0E10
NULL,NULL,NULL,1.0E10,1.0E10,1.0E10
NULL,NULL,NULL,1.0E10,1.0E10,1.0E10
NULL,NULL,NULL,1.0E10,1.0E10,1.0E10
NULL,NULL,NULL,1.0E10,1.0E10,1.0E10
NULL,NULL,NULL,1.0E10,1.0E10,1.0E10
NULL,NULL,NULL,1.0E10,1.0E10,1.0E10
NULL,NULL,NULL,1.0E10,1.0E10,1.0E10
NULL,NULL,NULL,1.0E10,1.0E10,1.0E10
0011x00000D1xqEAAR,MINI MERCADO,FAIXA 6,-17.56472222,-52.55805556,0.0
0011x00000D1xrFAAR,MINI MERCADO,FAIXA 6,-15.44722222,-50.3625,331.9800201278156
0011x00000D1xqGAAR,MINI MERCADO,FAIXA 6,-20.45472222,-53.76027778,345.291754932025
0011x00000D1xlPAAR,MINI MERCADO,FAIXA 6,-16.71944444,-49.32055556,356.5859455139106
0011x00000D1xktAAB,MINI MERCADO,FAIXA 6,-16.63083333,-49.25138889,366.42918188247086
0011x00000D1xnZAAR,MINI MERCADO,FAIXA 6,-15.73777778,-49.32555556,399.78162939169005
0011x00000D1xngAAB,MINI MERCADO,FAIXA 6,-16.00972222,-48.00166667,514.9002818549333
0011x00000D1xnXAAR,MINI MERCADO,FAIXA 6,-11.7125,-49.04805556,752.2320372638611
0011x00000D1xr4AAB,MINI MERCADO,FAIXA 6,-1.67916667,-50.47638889,1780.8869554082273
0011x00000D1xrCAAR,MINI MERCADO,FAIXA 6,-3.103047,-59.986005,1800.5307933135432
0011x00000D1xlfAAB,MINI MERCADO,FAIXA 6,-3.03,-59.92972222,1805.0773311799792
0011x00000D1xqFAAR,LANCHONETE,FAIXA 4,-18.17777778,-47.94194444,0.0
0011x00000D1xpQAAR,LANCHONETE,FAIXA 4,-17.30555556,-49.01722222,149.57375934159705
NULL,NULL,NULL,1.0E10,1.0E10,1.0E10
NULL,NULL,NULL,1.0E10,1.0E10,1.0E10
NULL,NULL,NULL,1.0E10,1.0E10,1.0E10
NULL,NULL,NULL,1.0E10,1.0E10,1.0E10
NULL,NULL,NULL,1.0E10,1.0E10,1.0E10
NULL,NULL,NULL,1.0E10,1.0E10,1.0E10
NULL,NULL,NULL,1.0E10,1.0E10,1.0E10
NULL,NULL,NULL,1.0E10,1.0E10,1.0E10
NULL,NULL,NULL,1.0E10,1.0E10,1.0E10
0011x00000D1xqgAAB,BAR,FAIXA 7,-15.62083333,-46.42305556,0.0
0011x00000D1xpiAAB,BAR,FAIXA 7,-15.61138889,-56.02444444,1028.0800335834545
0011x00000D1xmDAAR,BAR,FAIXA 7,-1.45888889,-48.47027778,1590.5825458320637
NULL,NULL,NULL,1.0E10,1.0E10,1.0E10
NULL,NULL,NULL,1.0E10,1.0E10,1.0E10
NULL,NULL,NULL,1.0E10,1.0E10,1.0E10
NULL,NULL,NULL,1.0E10,1.0E10,1.0E10
NULL,NULL,NULL,1.0E10,1.0E10,1.0E10
NULL,NULL,NULL,1.0E10,1.0E10,1.0E10
NULL,NULL,NULL,1.0E10,1.0E10,1.0E10
NULL,NULL,NULL,1.0E10,1.0E10,1.0E10
0011x00000D1xqGAAR,MINI MERCADO,FAIXA 6,-20.45472222,-53.76027778,9.493073054631141E-5
0011x00000D1xqEAAR,MINI MERCADO,FAIXA 6,-17.56472222,-52.55805556,345.291754932025
0011x00000D1xlPAAR,MINI MERCADO,FAIXA 6,-16.71944444,-49.32055556,625.548879759466
0011x00000D1xktAAB,MINI MERCADO,FAIXA 6,-16.63083333,-49.25138889,637.6327605110228
0011x00000D1xrFAAR,MINI MERCADO,FAIXA 6,-15.44722222,-50.3625,662.6215214575078
0011x00000D1xnZAAR,MINI MERCADO,FAIXA 6,-15.73777778,-49.32555556,703.2663064508373
0011x00000D1xngAAB,MINI MERCADO,FAIXA 6,-16.00972222,-48.00166667,783.4816382651385
0011x00000D1xnXAAR,MINI MERCADO,FAIXA 6,-11.7125,-49.04805556,1094.3935765221513
0011x00000D1xrCAAR,MINI MERCADO,FAIXA 6,-3.103047,-59.986005,2043.8988434914856
0011x00000D1xlfAAB,MINI MERCADO,FAIXA 6,-3.03,-59.92972222,2049.5911951650464
0011x00000D1xr4AAB,MINI MERCADO,FAIXA 6,-1.67916667,-50.47638889,2117.8741630156514
0011x00000D1xqKAAR,RESTAURANTE,FAIXA 6,-1.41555556,-48.44,0.0
0011x00000D1xmzAAB,RESTAURANTE,FAIXA 6,-14.47666667,-49.15555556,1454.385821050506
0011x00000D1xmjAAB,RESTAURANTE,FAIXA 6,-19.91722222,-54.36805556,2155.820601786262
NULL,NULL,NULL,1.0E10,1.0E10,1.0E10
NULL,NULL,NULL,1.0E10,1.0E10,1.0E10
NULL,NULL,NULL,1.0E10,1.0E10,1.0E10
NULL,NULL,NULL,1.0E10,1.0E10,1.0E10
NULL,NULL,NULL,1.0E10,1.0E10,1.0E10
NULL,NULL,NULL,1.0E10,1.0E10,1.0E10
NULL,NULL,NULL,1.0E10,1.0E10,1.0E10
NULL,NULL,NULL,1.0E10,1.0E10,1.0E10
0011x00000D1xqNAAR,MERCEARIA,FAIXA 6,-16.00166667,-54.92111111,0.0
0011x00000D1xqBAAR,MERCEARIA,FAIXA 6,-1.43333333,-48.46805556,1767.4795093627818
NULL,NULL,NULL,1.0E10,1.0E10,1.0E10
NULL,NULL,NULL,1.0E10,1.0E10,1.0E10
NULL,NULL,NULL,1.0E10,1.0E10,1.0E10
NULL,NULL,NULL,1.0E10,1.0E10,1.0E10
NULL,NULL,NULL,1.0E10,1.0E10,1.0E10
NULL,NULL,NULL,1.0E10,1.0E10,1.0E10
NULL,NULL,NULL,1.0E10,1.0E10,1.0E10
NULL,NULL,NULL,1.0E10,1.0E10,1.0E10
NULL,NULL,NULL,1.0E10,1.0E10,1.0E10
0011x00000D1xqQAAR,BANCA,FAIXA 7,-15.80305556,-47.89555556,0.0
0011x00000D1xo1AAB,BANCA,FAIXA 7,-3.13333333,-60.02055556,1935.1842389235949
NULL,NULL,NULL,1.0E10,1.0E10,1.0E10
NULL,NULL,NULL,1.0E10,1.0E10,1.0E10
NULL,NULL,NULL,1.0E10,1.0E10,1.0E10
NULL,NULL,NULL,1.0E10,1.0E10,1.0E10
NULL,NULL,NULL,1.0E10,1.0E10,1.0E10
NULL,NULL,NULL,1.0E10,1.0E10,1.0E10
NULL,NULL,NULL,1.0E10,1.0E10,1.0E10
NULL,NULL,NULL,1.0E10,1.0E10,1.0E10
NULL,NULL,NULL,1.0E10,1.0E10,1.0E10
0011x00000D1xqsAAB,MERCEARIA,FAIXA 8,-3.05472222,-60.04944444,0.0
0011x00000D1xr2AAB,MERCEARIA,FAIXA 8,-2.69888889,-59.70333333,55.160355163091
NULL,NULL,NULL,1.0E10,1.0E10,1.0E10
NULL,NULL,NULL,1.0E10,1.0E10,1.0E10
NULL,NULL,NULL,1.0E10,1.0E10,1.0E10
NULL,NULL,NULL,1.0E10,1.0E10,1.0E10
NULL,NULL,NULL,1.0E10,1.0E10,1.0E10
NULL,NULL,NULL,1.0E10,1.0E10,1.0E10
NULL,NULL,NULL,1.0E10,1.0E10,1.0E10
NULL,NULL,NULL,1.0E10,1.0E10,1.0E10
NULL,NULL,NULL,1.0E10,1.0E10,1.0E10
0011x00000D1xqxAAB,BAR,FAIXA 5,-15.58972222,-47.86833333,9.493073054631141E-5
0011x00000D1xlWAAR,BAR,FAIXA 5,-15.63,-47.6525,23.543144591277294
0011x00000D1xpgAAB,BAR,FAIXA 5,-12.74444444,-60.14333333,1360.326399576365
NULL,NULL,NULL,1.0E10,1.0E10,1.0E10
NULL,NULL,NULL,1.0E10,1.0E10,1.0E10
NULL,NULL,NULL,1.0E10,1.0E10,1.0E10
NULL,NULL,NULL,1.0E10,1.0E10,1.0E10
NULL,NULL,NULL,1.0E10,1.0E10,1.0E10
NULL,NULL,NULL,1.0E10,1.0E10,1.0E10
NULL,NULL,NULL,1.0E10,1.0E10,1.0E10
NULL,NULL,NULL,1.0E10,1.0E10,1.0E10
0011x00000D1xqZAAR,MINI MERCADO,FAIXA 8,-0.04916667,-51.13805556,0.0
0011x00000D1xq3AAB,MINI MERCADO,FAIXA 8,-1.99888889,-54.08138889,392.5011538423374
0011x00000D1xo0AAB,MINI MERCADO,FAIXA 8,-3.12027778,-60.03861111,1046.4345107151055
0011x00000D1xm3AAB,MINI MERCADO,FAIXA 8,-3.30111111,-60.62166667,1114.1883175963844
0011x00000D1xr9AAB,MINI MERCADO,FAIXA 8,-11.80805556,-49.52444444,1319.5447904065436
0011x00000D1xreAAB,MINI MERCADO,FAIXA 8,-8.74361111,-63.85222222,1708.0376151821472
0011x00000D1xoKAAR,MINI MERCADO,FAIXA 8,-16.19861111,-52.55611111,1802.3738207838283
0011x00000D1xlUAAR,MINI MERCADO,FAIXA 8,-16.52194444,-50.37444444,1833.5131220052642
0011x00000D1xmXAAR,MINI MERCADO,FAIXA 8,-16.80611111,-49.92833333,1867.906398656748
0011x00000D1xmRAAR,MINI MERCADO,FAIXA 8,-16.37527778,-46.90694444,1873.6432880879374
NULL,NULL,NULL,1.0E10,1.0E10,1.0E10
0011x00000D1xr1AAB,MINI MERCADO,FAIXA 7,-9.96527778,-67.83861111,0.0
0011x00000D1xr8AAB,MINI MERCADO,FAIXA 7,-20.494055,-54.630781,1835.9903175480404
0011x00000D1xndAAB,MINI MERCADO,FAIXA 7,-8.037312,-50.038281,1966.263814599536
0011x00000D1xmFAAR,MINI MERCADO,FAIXA 7,-14.51111111,-49.15666667,2091.0233598412665
0011x00000D1xmgAAB,MINI MERCADO,FAIXA 7,-16.64,-49.32888889,2134.2674401236222
0011x00000D1xmqAAB,MINI MERCADO,FAIXA 7,-17.213433,-48.711295,2216.7475436544855
0011x00000D1xnKAAR,MINI MERCADO,FAIXA 7,-16.02722222,-48.06888889,2243.803724060571
0011x00000D1xruAAB,MINI MERCADO,FAIXA 7,-1.30611111,-48.475,2346.998323747244
0011x00000D1xknAAB,MINI MERCADO,FAIXA 7,-0.62361111,-47.36444444,2491.0036288862084
NULL,NULL,NULL,1.0E10,1.0E10,1.0E10
NULL,NULL,NULL,1.0E10,1.0E10,1.0E10
0011x00000D1xr2AAB,MERCEARIA,FAIXA 8,-2.69888889,-59.70333333,9.493073054631141E-5
0011x00000D1xqsAAB,MERCEARIA,FAIXA 8,-3.05472222,-60.04944444,55.160355163091
NULL,NULL,NULL,1.0E10,1.0E10,1.0E10
NULL,NULL,NULL,1.0E10,1.0E10,1.0E10
NULL,NULL,NULL,1.0E10,1.0E10,1.0E10
NULL,NULL,NULL,1.0E10,1.0E10,1.0E10
NULL,NULL,NULL,1.0E10,1.0E10,1.0E10
NULL,NULL,NULL,1.0E10,1.0E10,1.0E10
NULL,NULL,NULL,1.0E10,1.0E10,1.0E10
NULL,NULL,NULL,1.0E10,1.0E10,1.0E10
NULL,NULL,NULL,1.0E10,1.0E10,1.0E10
0011x00000D1xr3AAB,BAR,FAIXA 4,-1.36111111,-48.40138889,0.0
NULL,NULL,NULL,1.0E10,1.0E10,1.0E10
NULL,NULL,NULL,1.0E10,1.0E10,1.0E10
NULL,NULL,NULL,1.0E10,1.0E10,1.0E10
NULL,NULL,NULL,1.0E10,1.0E10,1.0E10
NULL,NULL,NULL,1.0E10,1.0E10,1.0E10
NULL,NULL,NULL,1.0E10,1.0E10,1.0E10
NULL,NULL,NULL,1.0E10,1.0E10,1.0E10
NULL,NULL,NULL,1.0E10,1.0E10,1.0E10
NULL,NULL,NULL,1.0E10,1.0E10,1.0E10
NULL,NULL,NULL,1.0E10,1.0E10,1.0E10
0011x00000D1xr4AAB,MINI MERCADO,FAIXA 6,-1.67916667,-50.47638889,0.0
0011x00000D1xlfAAB,MINI MERCADO,FAIXA 6,-3.03,-59.92972222,1060.8844925857234
0011x00000D1xrCAAR,MINI MERCADO,FAIXA 6,-3.103047,-59.986005,1068.217608434734
0011x00000D1xnXAAR,MINI MERCADO,FAIXA 6,-11.7125,-49.04805556,1126.668230890273
0011x00000D1xrFAAR,MINI MERCADO,FAIXA 6,-15.44722222,-50.3625,1530.915221598387
0011x00000D1xnZAAR,MINI MERCADO,FAIXA 6,-15.73777778,-49.32555556,1568.2525882847642
0011x00000D1xngAAB,MINI MERCADO,FAIXA 6,-16.00972222,-48.00166667,1616.3109592116598
0011x00000D1xktAAB,MINI MERCADO,FAIXA 6,-16.63083333,-49.25138889,1667.865934900878
0011x00000D1xlPAAR,MINI MERCADO,FAIXA 6,-16.71944444,-49.32055556,1677.097438232373
0011x00000D1xqEAAR,MINI MERCADO,FAIXA 6,-17.56472222,-52.55805556,1780.8869554082273
0011x00000D1xqGAAR,MINI MERCADO,FAIXA 6,-20.45472222,-53.76027778,2117.8741630156514
0011x00000D1xr8AAB,MINI MERCADO,FAIXA 7,-20.494055,-54.630781,0.0
0011x00000D1xmgAAB,MINI MERCADO,FAIXA 7,-16.64,-49.32888889,704.0962057265347
0011x00000D1xmqAAB,MINI MERCADO,FAIXA 7,-17.213433,-48.711295,721.6974825438978
0011x00000D1xnKAAR,MINI MERCADO,FAIXA 7,-16.02722222,-48.06888889,852.2750550396581
0011x00000D1xmFAAR,MINI MERCADO,FAIXA 7,-14.51111111,-49.15666667,882.6595530569617
0011x00000D1xndAAB,MINI MERCADO,FAIXA 7,-8.037312,-50.038281,1470.424307116137
0011x00000D1xr1AAB,MINI MERCADO,FAIXA 7,-9.96527778,-67.83861111,1835.9903175480404
0011x00000D1xruAAB,MINI MERCADO,FAIXA 7,-1.30611111,-48.475,2235.806515925752
0011x00000D1xknAAB,MINI MERCADO,FAIXA 7,-0.62361111,-47.36444444,2346.317322968275
NULL,NULL,NULL,1.0E10,1.0E10,1.0E10
NULL,NULL,NULL,1.0E10,1.0E10,1.0E10
0011x00000D1xr9AAB,MINI MERCADO,FAIXA 8,-11.80805556,-49.52444444,0.0
0011x00000D1xlUAAR,MINI MERCADO,FAIXA 8,-16.52194444,-50.37444444,532.0804530075353
0011x00000D1xmXAAR,MINI MERCADO,FAIXA 8,-16.80611111,-49.92833333,557.4314828456525
0011x00000D1xmRAAR,MINI MERCADO,FAIXA 8,-16.37527778,-46.90694444,580.9648192242676
0011x00000D1xoKAAR,MINI MERCADO,FAIXA 8,-16.19861111,-52.55611111,587.5679737837622
0011x00000D1xq3AAB,MINI MERCADO,FAIXA 8,-1.99888889,-54.08138889,1200.8119436934985
0011x00000D1xqZAAR,MINI MERCADO,FAIXA 8,-0.04916667,-51.13805556,1319.5447904065436
0011x00000D1xo0AAB,MINI MERCADO,FAIXA 8,-3.12027778,-60.03861111,1507.9834870810876
0011x00000D1xm3AAB,MINI MERCADO,FAIXA 8,-3.30111111,-60.62166667,1545.2831523856298
0011x00000D1xreAAB,MINI MERCADO,FAIXA 8,-8.74361111,-63.85222222,1603.823124470211
NULL,NULL,NULL,1.0E10,1.0E10,1.0E10
0011x00000D1xrAAAR,MINI MERCADO,FAIXA 5,-15.62166667,-46.41861111,0.0
0011x00000D1xnfAAB,MINI MERCADO,FAIXA 5,-15.8575,-48.07472222,179.16647510020786
0011x00000D1xrpAAB,MINI MERCADO,FAIXA 5,-16.65555556,-49.29583333,328.10039083095694
0011x00000D1xpEAAR,MINI MERCADO,FAIXA 5,-18.13166667,-49.04194444,394.6930028443503
0011x00000D1xmkAAB,MINI MERCADO,FAIXA 5,-18.0975,-54.55027778,907.8892139934092
0011x00000D1xpwAAB,MINI MERCADO,FAIXA 5,-15.65888889,-56.09694444,1036.2026962954494
0011x00000D1xlJAAR,MINI MERCADO,FAIXA 5,-9.97777778,-67.88222222,2408.6436686563256
NULL,NULL,NULL,1.0E10,1.0E10,1.0E10
NULL,NULL,NULL,1.0E10,1.0E10,1.0E10
NULL,NULL,NULL,1.0E10,1.0E10,1.0E10
NULL,NULL,NULL,1.0E10,1.0E10,1.0E10
0011x00000D1xrbAAB,MERCEARIA,FAIXA 4,-1.40138889,-48.45388889,0.0
NULL,NULL,NULL,1.0E10,1.0E10,1.0E10
NULL,NULL,NULL,1.0E10,1.0E10,1.0E10
NULL,NULL,NULL,1.0E10,1.0E10,1.0E10
NULL,NULL,NULL,1.0E10,1.0E10,1.0E10
NULL,NULL,NULL,1.0E10,1.0E10,1.0E10
NULL,NULL,NULL,1.0E10,1.0E10,1.0E10
NULL,NULL,NULL,1.0E10,1.0E10,1.0E10
NULL,NULL,NULL,1.0E10,1.0E10,1.0E10
NULL,NULL,NULL,1.0E10,1.0E10,1.0E10
NULL,NULL,NULL,1.0E10,1.0E10,1.0E10
0011x00000D1xrCAAR,MINI MERCADO,FAIXA 6,-3.103047,-59.986005,0.0
0011x00000D1xlfAAB,MINI MERCADO,FAIXA 6,-3.03,-59.92972222,10.24788540894488
0011x00000D1xr4AAB,MINI MERCADO,FAIXA 6,-1.67916667,-50.47638889,1068.217608434734
0011x00000D1xnXAAR,MINI MERCADO,FAIXA 6,-11.7125,-49.04805556,1538.8165544228746
0011x00000D1xrFAAR,MINI MERCADO,FAIXA 6,-15.44722222,-50.3625,1730.4246858147978
0011x00000D1xqEAAR,MINI MERCADO,FAIXA 6,-17.56472222,-52.55805556,1800.5307933135432
0011x00000D1xnZAAR,MINI MERCADO,FAIXA 6,-15.73777778,-49.32555556,1826.1594230470703
0011x00000D1xktAAB,MINI MERCADO,FAIXA 6,-16.63083333,-49.25138889,1907.3851480051505
0011x00000D1xlPAAR,MINI MERCADO,FAIXA 6,-16.71944444,-49.32055556,1910.4246256551564
0011x00000D1xngAAB,MINI MERCADO,FAIXA 6,-16.00972222,-48.00166667,1943.7257783413934
0011x00000D1xqGAAR,MINI MERCADO,FAIXA 6,-20.45472222,-53.76027778,2043.8988434914856
0011x00000D1xreAAB,MINI MERCADO,FAIXA 8,-8.74361111,-63.85222222,0.0
0011x00000D1xm3AAB,MINI MERCADO,FAIXA 8,-3.30111111,-60.62166667,702.6474310918376
0011x00000D1xo0AAB,MINI MERCADO,FAIXA 8,-3.12027778,-60.03861111,754.1095549931708
0011x00000D1xq3AAB,MINI MERCADO,FAIXA 8,-1.99888889,-54.08138889,1315.6580357530404
0011x00000D1xoKAAR,MINI MERCADO,FAIXA 8,-16.19861111,-52.55611111,1479.3360816333322
0011x00000D1xr9AAB,MINI MERCADO,FAIXA 8,-11.80805556,-49.52444444,1603.823124470211
0011x00000D1xlUAAR,MINI MERCADO,FAIXA 8,-16.52194444,-50.37444444,1697.672416243139
0011x00000D1xqZAAR,MINI MERCADO,FAIXA 8,-0.04916667,-51.13805556,1708.0376151821472
0011x00000D1xmXAAR,MINI MERCADO,FAIXA 8,-16.80611111,-49.92833333,1754.5517958915127
0011x00000D1xmRAAR,MINI MERCADO,FAIXA 8,-16.37527778,-46.90694444,2023.6695726685182
NULL,NULL,NULL,1.0E10,1.0E10,1.0E10
0011x00000D1xrfAAB,MERCEARIA,FAIXA 7,-3.11888889,-58.43027778,9.493073054631141E-5
NULL,NULL,NULL,1.0E10,1.0E10,1.0E10
NULL,NULL,NULL,1.0E10,1.0E10,1.0E10
NULL,NULL,NULL,1.0E10,1.0E10,1.0E10
NULL,NULL,NULL,1.0E10,1.0E10,1.0E10
NULL,NULL,NULL,1.0E10,1.0E10,1.0E10
NULL,NULL,NULL,1.0E10,1.0E10,1.0E10
NULL,NULL,NULL,1.0E10,1.0E10,1.0E10
NULL,NULL,NULL,1.0E10,1.0E10,1.0E10
NULL,NULL,NULL,1.0E10,1.0E10,1.0E10
NULL,NULL,NULL,1.0E10,1.0E10,1.0E10
0011x00000D1xrFAAR,MINI MERCADO,FAIXA 6,-15.44722222,-50.3625,9.493073054631141E-5
0011x00000D1xnZAAR,MINI MERCADO,FAIXA 6,-15.73777778,-49.32555556,115.65771410689133
0011x00000D1xktAAB,MINI MERCADO,FAIXA 6,-16.63083333,-49.25138889,177.24909803665665
0011x00000D1xlPAAR,MINI MERCADO,FAIXA 6,-16.71944444,-49.32055556,180.00428958076049
0011x00000D1xngAAB,MINI MERCADO,FAIXA 6,-16.00972222,-48.00166667,260.2945671302935
0011x00000D1xqEAAR,MINI MERCADO,FAIXA 6,-17.56472222,-52.55805556,331.9800201278156
0011x00000D1xnXAAR,MINI MERCADO,FAIXA 6,-11.7125,-49.04805556,438.8817144002102
0011x00000D1xqGAAR,MINI MERCADO,FAIXA 6,-20.45472222,-53.76027778,662.6215214575078
0011x00000D1xr4AAB,MINI MERCADO,FAIXA 6,-1.67916667,-50.47638889,1530.915221598387
0011x00000D1xrCAAR,MINI MERCADO,FAIXA 6,-3.103047,-59.986005,1730.4246858147978
0011x00000D1xlfAAB,MINI MERCADO,FAIXA 6,-3.03,-59.92972222,1733.1928144461363
0011x00000D1xrGAAR,LOJA CNV INDEPENDENTE,FAIXA 3,-18.79444444,-52.61916667,0.0
NULL,NULL,NULL,1.0E10,1.0E10,1.0E10
NULL,NULL,NULL,1.0E10,1.0E10,1.0E10
NULL,NULL,NULL,1.0E10,1.0E10,1.0E10
NULL,NULL,NULL,1.0E10,1.0E10,1.0E10
NULL,NULL,NULL,1.0E10,1.0E10,1.0E10
NULL,NULL,NULL,1.0E10,1.0E10,1.0E10
NULL,NULL,NULL,1.0E10,1.0E10,1.0E10
NULL,NULL,NULL,1.0E10,1.0E10,1.0E10
NULL,NULL,NULL,1.0E10,1.0E10,1.0E10
NULL,NULL,NULL,1.0E10,1.0E10,1.0E10
0011x00000D1xrkAAB,LANCHONETE,FAIXA 8,-6.07638889,-49.89638889,0.0
NULL,NULL,NULL,1.0E10,1.0E10,1.0E10
NULL,NULL,NULL,1.0E10,1.0E10,1.0E10
NULL,NULL,NULL,1.0E10,1.0E10,1.0E10
NULL,NULL,NULL,1.0E10,1.0E10,1.0E10
NULL,NULL,NULL,1.0E10,1.0E10,1.0E10
NULL,NULL,NULL,1.0E10,1.0E10,1.0E10
NULL,NULL,NULL,1.0E10,1.0E10,1.0E10
NULL,NULL,NULL,1.0E10,1.0E10,1.0E10
NULL,NULL,NULL,1.0E10,1.0E10,1.0E10
NULL,NULL,NULL,1.0E10,1.0E10,1.0E10
0011x00000D1xrpAAB,MINI MERCADO,FAIXA 5,-16.65555556,-49.29583333,9.493073054631141E-5
0011x00000D1xnfAAB,MINI MERCADO,FAIXA 5,-15.8575,-48.07472222,157.68239561890562
0011x00000D1xpEAAR,MINI MERCADO,FAIXA 5,-18.13166667,-49.04194444,166.32411513791072
0011x00000D1xrAAAR,MINI MERCADO,FAIXA 5,-15.62166667,-46.41861111,328.10039083095694
0011x00000D1xmkAAB,MINI MERCADO,FAIXA 5,-18.0975,-54.55027778,580.1346255961846
0011x00000D1xpwAAB,MINI MERCADO,FAIXA 5,-15.65888889,-56.09694444,734.7047873665624
0011x00000D1xlJAAR,MINI MERCADO,FAIXA 5,-9.97777778,-67.88222222,2142.0429250115417
NULL,NULL,NULL,1.0E10,1.0E10,1.0E10
NULL,NULL,NULL,1.0E10,1.0E10,1.0E10
NULL,NULL,NULL,1.0E10,1.0E10,1.0E10
NULL,NULL,NULL,1.0E10,1.0E10,1.0E10
0011x00000D1xruAAB,MINI MERCADO,FAIXA 7,-1.30611111,-48.475,0.0
0011x00000D1xknAAB,MINI MERCADO,FAIXA 7,-0.62361111,-47.36444444,144.92125359212858
0011x00000D1xndAAB,MINI MERCADO,FAIXA 7,-8.037312,-50.038281,768.2053330764847
0011x00000D1xmFAAR,MINI MERCADO,FAIXA 7,-14.51111111,-49.15666667,1470.167407798935
0011x00000D1xnKAAR,MINI MERCADO,FAIXA 7,-16.02722222,-48.06888889,1637.4391249695889
0011x00000D1xmgAAB,MINI MERCADO,FAIXA 7,-16.64,-49.32888889,1707.529346529843
0011x00000D1xmqAAB,MINI MERCADO,FAIXA 7,-17.213433,-48.711295,1768.917148130026
0011x00000D1xr8AAB,MINI MERCADO,FAIXA 7,-20.494055,-54.630781,2235.806515925752
0011x00000D1xr1AAB,MINI MERCADO,FAIXA 7,-9.96527778,-67.83861111,2346.998323747244
NULL,NULL,NULL,1.0E10,1.0E10,1.0E10
NULL,NULL,NULL,1.0E10,1.0E10,1.0E10
NULL,NULL,NULL,1.0E10,1.0E10,1.0E10
NULL,NULL,NULL,1.0E10,1.0E10,1.0E10
NULL,NULL,NULL,1.0E10,1.0E10,1.0E10
NULL,NULL,NULL,1.0E10,1.0E10,1.0E10
NULL,NULL,NULL,1.0E10,1.0E10,1.0E10
NULL,NULL,NULL,1.0E10,1.0E10,1.0E10
NULL,NULL,NULL,1.0E10,1.0E10,1.0E10
NULL,NULL,NULL,1.0E10,1.0E10,1.0E10
NULL,NULL,NULL,1.0E10,1.0E10,1.0E10
NULL,NULL,NULL,1.0E10,1.0E10,1.0E10
0011x00000D1xrvAAB,REVISTARIA,FAIXA 5,-22.53916667,-55.72777778,NaN
